rubrique	titre	auteur	date	refnum	numero	page
Trafic - Propagation - Organisation	Naissance des JA (Journées d'activité hyperfréquence)	F1GHB	6/1/1996	1	/bulletins/1.pdf	
Transceivers - Transverters - Convertisseurs	24 GHz, que peut-on y faire?	F6DER	7/1/1996	2	/bulletins/2.pdf	6
Sous-ensembles - Composants	Caractéristiques relais coax hyper	F1GHB	9/1/1996	3	/bulletins/3.pdf	9
Sous-ensembles - Composants	Réalisation d'un switch en guide 24 GHz	F6DER	9/1/1996	3	/bulletins/3.pdf	10
Antennes - Lignes	Caractéristiques guides rectangulaires	F1BJD	9/1/1996	3	/bulletins/3.pdf	
Trafic - Propagation - Organisation	Estimation des atténuations de liaison en SHF	F1CDT	11/1/1996	5	/bulletins/5.pdf	
Oscillateurs - OL	Oscillateur local 3 GHz	F6DER	11/1/1996	5	/bulletins/5.pdf	3
Transceivers - Transverters - Convertisseurs	Super-réaction sur 10 GHz	F9HX	12/1/1996	6	/bulletins/6.pdf	8
Trafic - Propagation - Organisation	Bilan de liaison troposphérique direct en SHF	F5CAU	12/1/1996	6	/bulletins/6.pdf	10
Sous-ensembles - Composants	Multiplicateur ŕ MMIC ERA-1	F1GHB	1/1/1997	7	/bulletins/7.pdf	6
Sous-ensembles - Composants	Pré-diviseurs par 1000 ŕ 2,4 GHz	F6FAX	1/1/1997	7	/bulletins/7.pdf	4
Assemblage - Accessoires - Mécanique	Réalisation des circuits imprimés hyper	F1GHb	1/1/1997	7	/bulletins/7.pdf	8
Trafic - Propagation - Organisation	Les hyper-fréquences en fixe	F5HRY	2/1/1997	8	/bulletins/8.pdf	
Assemblage - Accessoires - Mécanique	Support pour station SHF	F8UM	2/1/1997	8	/bulletins/8.pdf	
Oscillateurs - OL	Générateur faible signal stable sur 10 GHz	F9HX	3/1/1997	9	/bulletins/9.pdf	
Antennes - Lignes	Systčme d'élévation d'une parabole offset	F1JGP	3/1/1997	9	/bulletins/9.pdf	
PA - Amplificateurs	Ampli large bande VHF UHF SHF	F9HX	4/1/1997	10	/bulletins/10.pdf	7
Oscillateurs - OL	Source 10 GHz 	F1DFY	4/1/1997	10	/bulletins/10.pdf	5
Balises	Balise 5,7 GHz pas chčre	F5HRY	4/1/1997	10	/bulletins/10.pdf	14
Antennes - Lignes	Mesure du gain des antennes SHF	F5CAL	4/1/1997	10	/bulletins/10.pdf	
Trafic - Propagation - Organisation	De la non réciprocité des liaisons radio-électriques	F9HX	5/1/1997	11	/bulletins/11.pdf	
Oscillateurs - OL	Un générateur 10 GHz stable	F9HX	5/1/1997	11	/bulletins/11.pdf	14
Antennes - Lignes	Utilisation d'une parabole offset en Hyper	F1GHB	5/1/1997	11	/bulletins/11.pdf	9
Oscillateurs - OL	Méthode de réglage d'une source 24 GHz	F6BVA	6/1/1997	12	/bulletins/12.pdf	7
Oscillateurs - OL	Les oscillateurs locaux (part 1)	F9HX	6/1/1997	12	/bulletins/12.pdf	
Antennes - Lignes	Illuminateur 5,7 GHz  pour parabole	F6DPH	6/1/1997	12	/bulletins/12.pdf	13
Sous-ensembles - Composants	Coude en guide 24 GHz	F1GHB	7/1/1997	13	/bulletins/13.pdf	10
Oscillateurs - OL	L'OCXO de DF9LN	F1GHB	7/1/1997	13	/bulletins/13.pdf	
Oscillateurs - OL	Les oscillateurs locaux (part 2)	F9HX	7/1/1997	13	/bulletins/13.pdf	7
Sous-ensembles - Composants	Mesures sur le filtre OE9PMJ	F1GHB	8/1/1997	14	/bulletins/14.pdf	7
Oscillateurs - OL	Les oscillateurs locaux (part 3)	F9HX	8/1/1997	14	/bulletins/14.pdf	15
Sous-ensembles - Composants	Séquenceur & K bipper	F6FGO	9/1/1997	15	/bulletins/15.pdf	13
PA - Amplificateurs	Amplificateurs et température de bruit	F5HRY	9/1/1997	15	/bulletins/15.pdf	7
Oscillateurs - OL	Les oscillateurs locaux (part 4)	F9HX	9/1/1997	15	/bulletins/15.pdf	16
Appareils de mesures et mesures	Conversion NF / T	Inconnu	9/1/1997	15	/bulletins/15.pdf	
Transceivers - Transverters - Convertisseurs	LNB pour l'ATV 3 cm	F6CLW	10/1/1997	16	/bulletins/16.pdf	
Sous-ensembles - Composants	Modules Qualcomm de WB6IGP	F6DLP	10/1/1997	16	/bulletins/16.pdf	
Balises	Modulation de petites balises	F9HX	10/1/1997	16	/bulletins/16.pdf	
Assemblage - Accessoires - Mécanique	Boîtier aluminium pour PA	F6DRO	10/1/1997	16	/bulletins/16.pdf	13
Sous-ensembles - Composants	Utilisation des relais hyper bistables	F1CHF	11/1/1997	17	/bulletins/17.pdf	17
Sous-ensembles - Composants	Thermostat pour quartz d'OL	G4DDK	11/1/1997	17	/bulletins/17.pdf	13
Appareils de mesures et mesures	Mesures sur filtre cloche ŕ 10 GHz	F5EFD	11/1/1997	17	/bulletins/17.pdf	14
Antennes - Lignes	Mesures sur cornets TV SAT	F5EFD & F1GHB	11/1/1997	17	/bulletins/17.pdf	11
PA - Amplificateurs	1 Watt avec l'ampli Qualcomm modifié	F9HX	12/1/1997	18	/bulletins/18.pdf	15
Oscillateurs - OL	OL G4DDK 30 mW ŕ 3 GHz	F1GHB	12/1/1997	18	/bulletins/18.pdf	
Balises	Balise F5CAU	DK2RV	12/1/1997	18	/bulletins/18.pdf	
Appareils de mesures et mesures	Mesures sur transitions  TGC WG 18	F5EFD	12/1/1997	18	/bulletins/18.pdf	
Oscillateurs - OL	Stabilité d'OL overtone	F9HX	1/1/1998	19	/bulletins/19.pdf	9
Balises	Des balises 5,7 et 10 GHz pas chčres	F6CXO	1/1/1998	19	/bulletins/19.pdf	13
Appareils de mesures et mesures	Evaluation d'une réception SHF	F5CAU	1/1/1998	19	/bulletins/19.pdf	6
Transceivers - Transverters - Convertisseurs	Retour sur transverter 5,7 GHz	F1OPA	2/1/1998	20	/bulletins/20.pdf	17
Trafic - Propagation - Organisation	Débutant en Hyper	F1GHB	2/1/1998	20	/bulletins/20.pdf	7
Sous-ensembles - Composants	Relais bistables en portable	F4BAY	2/1/1998	20	/bulletins/20.pdf	6
Sous-ensembles - Composants	Motorisation d'un relais en guide	F5HRY	2/1/1998	20	/bulletins/20.pdf	13
Oscillateurs - OL	10,368 GHz au Hz prčs?	F9HX	2/1/1998	20	/bulletins/20.pdf	10
Appareils de mesures et mesures	Milliwattmčtre sur 24 GHz	F8UM	2/1/1998	20	/bulletins/20.pdf	9
Transceivers - Transverters - Convertisseurs	Réglage puissance de l'IC202	DK2RV	3/1/1998	21	/bulletins/21.pdf	
Trafic - Propagation - Organisation	Calcul de locator sur Sharp PC1403	F6CCH	3/1/1998	21	/bulletins/21.pdf	
Sous-ensembles - Composants	Perroquet électronique	F9HX	3/1/1998	21	/bulletins/21.pdf	
Oscillateurs - OL	Oscillateur : Watts et Hertz	F5HRY	3/1/1998	21	/bulletins/21.pdf	
Balises	Encore une balise 10 GHz	F6DPH	3/1/1998	21	/bulletins/21.pdf	10
Appareils de mesures et mesures	Les appareils de mesures pour hyperfréquences (part 1)	F8IC	3/1/1998	21	/bulletins/21.pdf	15
Transceivers - Transverters - Convertisseurs	Transverter 10 GHz économique	F6DER	4/1/1998	22	/bulletins/22.pdf	
Appareils de mesures et mesures	Les appareils de mesures pour hyperfréquences (part 2)	F8IC	4/1/1998	22	/bulletins/22.pdf	
Alimentations	Alimentation pour PA Qualcomm	F9HX	4/1/1998	22	/bulletins/22.pdf	
Trafic - Propagation - Organisation	Absorption atmosphérique	F4BAY	5/1/1998	23	/bulletins/23.pdf	16
Trafic - Propagation - Organisation	Sécurité et champs électromagnétiques	F5CAU	5/1/1998	23	/bulletins/23.pdf	
Appareils de mesures et mesures	Les appareils de mesures pour hyperfréquences (part 3)	F8IC	5/1/1998	23	/bulletins/23.pdf	7
Alimentations	24 V en partant du 12 V	F9HX	5/1/1998	23	/bulletins/23.pdf	
Sous-ensembles - Composants	Méthode positionnement des stub	F9HX	6/1/1998	24	/bulletins/24.pdf	10
Balises	Modulation pour balises hyper	F5EFD & F1GHB	6/1/1998	24	/bulletins/24.pdf	6
Assemblage - Accessoires - Mécanique	Modification rotor KR ou G 600	F5AYE	6/1/1998	24	/bulletins/24.pdf	11
Appareils de mesures et mesures	Les appareils de mesures pour hyperfréquences (part 4)	F8IC	6/1/1998	24	/bulletins/24.pdf	7
Antennes - Lignes	Antenne ŕ fentes	F1CHF	6/1/1998	24	/bulletins/24.pdf	
Oscillateurs - OL	Retour sur l'oscillateur discipliné par France Inter	F9HX	7/1/1998	25	/bulletins/25.pdf	7
Appareils de mesures et mesures	Les appareils de mesures pour hyperfréquences (part 5)	F8IC	7/1/1998	25	/bulletins/25.pdf	8
Oscillateurs - OL	Réalignement des sources PLL	F1GHB	8/1/1998	26	/bulletins/26.pdf	10
Assemblage - Accessoires - Mécanique	Montages type pour débutants (part 3)	F1GHB	8/1/1998	26	/bulletins/26.pdf	15
Appareils de mesures et mesures	Les appareils de mesures pour hyperfréquences (part 6)	F8IC	8/1/1998	26	/bulletins/26.pdf	7
PA - Amplificateurs	Plus de puissance avec un ampli G4DDK ŕ 3 GHz	F6DRO	9/1/1998	27	/bulletins/27.pdf	15
Oscillateurs - OL	Vieillissement des oscillateurs ŕ quartz	F9HX	9/1/1998	27	/bulletins/27.pdf	12
Assemblage - Accessoires - Mécanique	Support magnétique pour petite parabole	F1BJD	9/1/1998	27	/bulletins/27.pdf	18
Antennes - Lignes	Offset sur 24 et 47 GHz	F6DER	9/1/1998	27	/bulletins/27.pdf	10
PA - Amplificateurs	Amplificateur 80 mW 24 GHz	F1GHB	10/1/1998	28	/bulletins/28.pdf	13
Balises	Micro balise SHF	F4BAY	10/1/1998	28	/bulletins/28.pdf	
Appareils de mesures et mesures	Retour sur diviseur par 1000 -2,4 GHz	F6FAX	10/1/1998	28	/bulletins/28.pdf	16
Appareils de mesures et mesures	Mesures sur l'OCXO DF9LN	F9HX	10/1/1998	28	/bulletins/28.pdf	8
Alimentations	Convertisseur 12 V ŕ 24 V 3 A	F6DPH	10/1/1998	28	/bulletins/28.pdf	
Sous-ensembles - Composants	Mélangeur, coupleur, ligne	F5UEC	11/1/1998	29	/bulletins/29.pdf	
PA - Amplificateurs	PA 4 W 10 GHz 	F5FLN	11/1/1998	29	/bulletins/29.pdf	
Assemblage - Accessoires - Mécanique	Un trépied facile et peu onéreux	F1UEI & F1UEJ	11/1/1998	29	/bulletins/29.pdf	15
Antennes - Lignes	Table de référence des guides	F4AQH	11/1/1998	29	/bulletins/29.pdf	14
Antennes - Lignes	Guide des paraboles du commerce	F5UEC	11/1/1998	29	/bulletins/29.pdf	
PA - Amplificateurs	Technique Quasi Optique	F9HX	12/1/1998	30	/bulletins/30.pdf	9
Oscillateurs - OL	Maîtriser sa fréquence en SHF	F5CAU	12/1/1998	30	/bulletins/30.pdf	13
Oscillateurs - OL	Oscillator DB6NT 12 GHz and the DF9LN OCXO	PA0HRK	12/1/1998	30	/bulletins/30.pdf	16
Sous-ensembles - Composants	Générateur d'indicatif ŕ base de PIC	F6DRO	1/1/1999	31	/bulletins/31.pdf	15
PA - Amplificateurs	Retour sur les amplis 24 GHz G8ACE	G8ACE	1/1/1999	31	/bulletins/31.pdf	7
PA - Amplificateurs	LNA KH6CP	KH6CP & F6DRO	1/1/1999	31	/bulletins/31.pdf	
PA - Amplificateurs	Quels FET pour ampli 24 GHz G8ACE	PA0EZ	1/1/1999	31	/bulletins/31.pdf	9
Oscillateurs - OL	Mesures effectuées sur un TCXO 10 MHz	F9HX	1/1/1999	31	/bulletins/31.pdf	
Antennes - Lignes	Antenne ŕ fentes	F1GQG	1/1/1999	31	/bulletins/31.pdf	6
PA - Amplificateurs	Réalisation d' un PA 4W sur 5,7 GHz	F1JGP	2/1/1999	32	/bulletins/32.pdf	
Oscillateurs - OL	Multiplicateur 2 ŕ 12 GHz	F1OPA	2/1/1999	32	/bulletins/32.pdf	
Oscillateurs - OL	Répétabilité des OCXO	F9HX	2/1/1999	32	/bulletins/32.pdf	2
Antennes - Lignes	Guide d'onde rond, fonctionnement.	F5CAU	2/1/1999	32	/bulletins/32.pdf	
PA - Amplificateurs	PA 24 GHz DB6NT	Inconnu	3/1/1999	33	/bulletins/33.pdf	21
PA - Amplificateurs	Note sur la réalisation du PA 24 GHz G8ACE	PA0EZ	3/1/1999	33	/bulletins/33.pdf	5
Oscillateurs - OL	OC/TCXO 10 MHz ŕ haute stabilité	F9HX	3/1/1999	33	/bulletins/33.pdf	9
Appareils de mesures et mesures	Mesure sur les isolateurs de surplus	F5RYZ	3/1/1999	33	/bulletins/33.pdf	22
Sous-ensembles - Composants	Les YIG en hyperfréquence	F8IC	4/1/1999	34	/bulletins/34.pdf	2
PA - Amplificateurs	Commutation TX / RX sur alim TOP Thomson	F1EIT	4/1/1999	34	/bulletins/34.pdf	2
PA - Amplificateurs	2 heures + 300 Fr. = 1 W ŕ 10 GHz	F5HRY	4/1/1999	34	/bulletins/34.pdf	
PA - Amplificateurs	Retour sur les PA 24 GHz DB6NT	F6BVA	4/1/1999	34	/bulletins/34.pdf	2
Oscillateurs - OL	Asservissement en fréquence d'un IC202	F1GHB	4/1/1999	34	/bulletins/34.pdf	2
Antennes - Lignes	Antenne slot 24 GHz	PA0EHG & F6DRO	5/1/1999	35	/bulletins/35.pdf	2
Oscillateurs - OL	Multiplicateur par 4   pour  10,450  GHz	F1HPR	6/1/1999	36	/bulletins/36.pdf	2
Appareils de mesures et mesures	Evaluation du NF  de l'ensemble RX par mesure  terre/CF	F5MZN	6/1/1999	36	/bulletins/36.pdf	
Transceivers - Transverters - Convertisseurs	Si nous remplacions nos IC202 (part 1)	F9HX	7/1/1999	37	/bulletins/37.pdf	2
PA - Amplificateurs	Ampli 24 GHz de DB6NT	Inconnu	7/1/1999	37	/bulletins/37.pdf	2
Oscillateurs - OL	Quadrupleur 11,7 ŕ 47 GHz	G8ACE	7/1/1999	37	/bulletins/37.pdf	2
Assemblage - Accessoires - Mécanique	L'oxyde de béryllium : DANGER	F1GAA	7/1/1999	37	/bulletins/37.pdf	2
Appareils de mesures et mesures	L'horloge au césium	F9HX	8/1/1999	38	/bulletins/38.pdf	2
PA - Amplificateurs	Plus 5,5 dB sur 47 GHz	F1JSR	9/1/1999	39	/bulletins/39.pdf	2
Antennes - Lignes	Illuminateur simple pour le 5,7 GHz	F5PMB	9/1/1999	39	/bulletins/39.pdf	2
PA - Amplificateurs	Caractéristiques des TOP 	Inconnu	10/1/1999	40	/bulletins/40.pdf	2
Appareils de mesures et mesures	Réglages sonores	F9HX	10/1/1999	40	/bulletins/40.pdf	2
Appareils de mesures et mesures	Evaluation des performances d'un transverter	PA0HRK	10/1/1999	40	/bulletins/40.pdf	2
PA - Amplificateurs	TOP 3cm WET352 et alimentation  WEA603	F1JGP	11/1/1999	41	/bulletins/41.pdf	2
Appareils de mesures et mesures	Evaluation du NF  de l'ensemble RX par mesure  soleil/CF	F5AYE	11/1/1999	41	/bulletins/41.pdf	
Antennes - Lignes	Illumination  parabole par guide et cornet rond	F5UEC	11/1/1999	41	/bulletins/41.pdf	2
Transceivers - Transverters - Convertisseurs	Transverter 47 GHz DB6NT avec FI sur 1296 MHz	G0HNW	12/1/1999	42	/bulletins/42.pdf	2
Balises	Balise millimétrique 	F1GHB	12/1/1999	42	/bulletins/42.pdf	2
Antennes - Lignes	Source bi-bande 5,7 & 10 GHz	F5EFD & F1GHB	12/1/1999	42	/bulletins/42.pdf	2
Alimentations	Alimentation universelle pour PA	F5RYZ & F1GHB	12/1/1999	42	/bulletins/42.pdf	2
Transceivers - Transverters - Convertisseurs	Si nous remplacions nos IC202 (part 2)	F9HX	1/1/2000	43	/bulletins/43.pdf	
Trafic - Propagation - Organisation	Calcul  du pointage d'antennes	F5CAU	1/1/2000	43	/bulletins/43.pdf	
Oscillateurs - OL	Test d'un pilote WTT401	F5RYZ	1/1/2000	43	/bulletins/43.pdf	
Antennes - Lignes	Bien utiliser les réflecteurs paraboliques ( part 1)	F4BAY	1/1/2000	43	/bulletins/43.pdf	
Oscillateurs - OL	Conception d'oscillateurs ŕ DRO (part 1)	JM FLOC	2/1/2000	44	/bulletins/44.pdf	13
Trafic - Propagation - Organisation	Programme distance azimut en basic	F5AYE	3/1/2000	45	/bulletins/45.pdf	16
Oscillateurs - OL	GPS disciplined OCXO	F5JWF	3/1/2000	45	/bulletins/45.pdf	
Oscillateurs - OL	Conception d'oscillateurs ŕ DRO (part 2)	JM FLOC	3/1/2000	45	/bulletins/45.pdf	7
Antennes - Lignes	Bien utiliser les réflecteurs paraboliques ( part 2)	F4BAY	3/1/2000	45	/bulletins/45.pdf	11
Transceivers - Transverters - Convertisseurs	Si nous remplacions nos IC202 (part 3)	F9HX	4/1/2000	46	/bulletins/46.pdf	6
Transceivers - Transverters - Convertisseurs	Si nous remplacions nos IC202 (part 4)	F9HX	4/1/2000	46	/bulletins/46.pdf	6
PA - Amplificateurs	Préamplificateur 10 GHz	F5HRY	4/1/2000	46	/bulletins/46.pdf	
PA - Amplificateurs	PA 10 W sur 6 cm 	F5JWF	4/1/2000	46	/bulletins/46.pdf	
Oscillateurs - OL	Conception d'oscillateurs ŕ DRO (part 3)	JM FLOC	4/1/2000	46	/bulletins/46.pdf	7
Transceivers - Transverters - Convertisseurs	Interface FI pour transverter DB6NT	F5CAU	5/1/2000	47	/bulletins/47.pdf	15
PA - Amplificateurs	500 mW sur 24 GHz	F1PYR	5/1/2000	47	/bulletins/47.pdf	14
Oscillateurs - OL	Multiplicateur par 4 sur 5,7 GHz	F1HPR	5/1/2000	47	/bulletins/47.pdf	14
Oscillateurs - OL	Conception d'oscillateurs ŕ DRO (part 4)	JM FLOC	5/1/2000	47	/bulletins/47.pdf	
Transceivers - Transverters - Convertisseurs	Si nous remplacions nos IC202 (part 3)	F9HX	6/1/2000	48	/bulletins/48.pdf	8
Trafic - Propagation - Organisation	Comment améliorer vos résultats en rain-scatter  10 GHz	F6DRO	6/1/2000	48	/bulletins/48.pdf	15
Télévision	Sous porteuse son synthétisée	F6ICX	6/1/2000	48	/bulletins/48.pdf	13
Antennes - Lignes	Réaliser une source de Clavin	F4BAY	6/1/2000	48	/bulletins/48.pdf	9
Trafic - Propagation - Organisation	Rain-scatter ( pat 1)	PA5DD & F6DRO	7/1/2000	49	/bulletins/49.pdf	
Télévision	Sous porteuse son synthétisée	F6ICX	7/1/2000	49	/bulletins/49.pdf	13
Oscillateurs - OL	Multiplicateur universel	F6BVA	7/1/2000	49	/bulletins/49.pdf	10
Transceivers - Transverters - Convertisseurs	Transverters 76 et 145 GHz	F6BVA	8/1/2000	50	/bulletins/50.pdf	
Trafic - Propagation - Organisation	Rain-scatter ( pat 2)	PA5DD & F6DRO	8/1/2000	50	/bulletins/50.pdf	
Sous-ensembles - Composants	Régulateurs ŕ faible chute de tension et auto-protégés	F9HX	8/1/2000	50	/bulletins/50.pdf	
Trafic - Propagation - Organisation	Rain-scatter ( pat 3)	PA5DD & F6DRO	9/1/2000	51	/bulletins/51.pdf	
PA - Amplificateurs	Ampli 0,5 W  5,7 GHz	F1HPR	9/1/2000	51	/bulletins/51.pdf	9
Balises	Balise 5,7 GHz pas chčre	F1GHB	9/1/2000	51	/bulletins/51.pdf	8
Antennes - Lignes	Antenne 1255 MHz	F6ICX	9/1/2000	51	/bulletins/51.pdf	13
Transceivers - Transverters - Convertisseurs	Transverter  23 cm 	F1OPA	10/1/2000	52	/bulletins/52.pdf	
Assemblage - Accessoires - Mécanique	Mat basculant	F5AYE	10/1/2000	52	/bulletins/52.pdf	8
Sous-ensembles - Composants	Bric et broc sur 47 GHz	F6CGB	11/1/2000	53	/bulletins/53.pdf	14
Antennes - Lignes	Des formules inédites pour les réflecteurs paraboliques	F4BAY	11/1/2000	53	/bulletins/53.pdf	8
Transceivers - Transverters - Convertisseurs	Si nous remplacions nos IC202 (part 5)	F9HX	12/1/2000	54	/bulletins/54.pdf	
PA - Amplificateurs	LNA sur 5,7 GHz	F1JGP	12/1/2000	54	/bulletins/54.pdf	7
Transceivers - Transverters - Convertisseurs	Quelques infos sur le transceiver TELECTRA 38 GHz	F6DPH	1/1/2001	55	/bulletins/55.pdf	
Transceivers - Transverters - Convertisseurs	Convertisseur SATV avec un OL intéressant	KK6MK & F6HGQ	1/1/2001	55	/bulletins/55.pdf	14
Trafic - Propagation - Organisation	Doppler en hyper, l'enfer?	F6AGR	1/1/2001	55	/bulletins/55.pdf	3
Sous-ensembles - Composants	Module 23 GHz  Celeritek	F1GHB	1/1/2001	55	/bulletins/55.pdf	15
Sous-ensembles - Composants	Coupleur - Combineur sur 6 cm	F1ANH	2/1/2001	56	/bulletins/56.pdf	
PA - Amplificateurs	On peut faire plus simple avec les GaAS Fets	F1ANH	2/1/2001	56	/bulletins/56.pdf	
PA - Amplificateurs	Amplificateur 4W / 13 cm ŕ LDMOS	F5EFD	2/1/2001	56	/bulletins/56.pdf	
Antennes - Lignes	Source W2IMU sur 24 GHz	F1GHB	2/1/2001	56	/bulletins/56.pdf	
Sous-ensembles - Composants	Régulation pour BLF278	F6ABX & F4CIB	3/1/2001	57	/bulletins/57.pdf	6
PA - Amplificateurs	Modification d'une tęte SAT en LNA 10 GHz	F6DER	3/1/2001	57	/bulletins/57.pdf	8
Appareils de mesures et mesures	Mise au point des sous-ensembles en SHF (part 1)	F5JGY	3/1/2001	57	/bulletins/57.pdf	14
Antennes - Lignes	Quelques sources pour les offsets	F4BAY	3/1/2001	57	/bulletins/57.pdf	20
Antennes - Lignes	Gain d'une parabole / son diamčtre	F4DAY	3/1/2001	57	/bulletins/57.pdf	5
Oscillateurs - OL	OCXO 106,5 ou 108 MHz (part 2)	F5AYE	4/1/2001	58	/bulletins/58.pdf	15
Oscillateurs - OL	Multiplicateur par 8 sortie 10 GHz	F6BVA	4/1/2001	58	/bulletins/58.pdf	6
Appareils de mesures et mesures	Mise au point des sous-ensembles en SHF (part 2)	F5JGY	4/1/2001	58	/bulletins/58.pdf	10
Appareils de mesures et mesures	Milliwattmčtre Hyper	F5MKD & F1CLQ	4/1/2001	58	/bulletins/58.pdf	5
Antennes - Lignes	Le cornet SQG 	F4BAY	4/1/2001	58	/bulletins/58.pdf	7
Alimentations	Alimentation ŕ découpage	F1EIT	4/1/2001	58	/bulletins/58.pdf	
Trafic - Propagation - Organisation	Le trafic Hyper en portable	F5JGY	5/1/2001	59	/bulletins/59.pdf	12
Oscillateurs - OL	OCXO 106,5 ou 108 MHz (part 2)	F5AYE	5/1/2001	59	/bulletins/59.pdf	
Appareils de mesures et mesures	Mise au point des sous-ensembles en SHF (part 3)	F5JGY	5/1/2001	59	/bulletins/59.pdf	17
Antennes - Lignes	Les mesures du diagramme de rayonnement	F4BAY	5/1/2001	59	/bulletins/59.pdf	
Antennes - Lignes	Le mode TE11	F8IC	5/1/2001	59	/bulletins/59.pdf	
Antennes - Lignes	La cuisine des hypers  ( Rubrique j'ai lu pour vous ) 	F8IC	5/1/2001	59	/bulletins/59.pdf	
Trafic - Propagation - Organisation	Le rain scatter (part 1)	F5MKD	6/1/2001	60	/bulletins/60.pdf	
Appareils de mesures et mesures	Les mesures avec les moyens du bord	F5JGY	6/1/2001	60	/bulletins/60.pdf	8
Trafic - Propagation - Organisation	Le rain scatter (part2)	F5MKD	7/1/2001	61	/bulletins/61.pdf	
Sous-ensembles - Composants	Protection contre les courts circuits 	F1HPR	7/1/2001	61	/bulletins/61.pdf	
Antennes - Lignes	"Transition guide coaxial  ""la pinoche"""	F6CXO	7/1/2001	61	/bulletins/61.pdf	
Transceivers - Transverters - Convertisseurs	Si nous remplacions nos IC202 (part 6)	F9HX	8/1/2001	62	/bulletins/62.pdf	14
Sous-ensembles - Composants	Commande des relais bistables ou monostables	F1ANH	8/1/2001	62	/bulletins/62.pdf	17
Sous-ensembles - Composants	Récupération dans les tętes SAT (part 1)	F5JGY	8/1/2001	62	/bulletins/62.pdf	
Antennes - Lignes	Abaque universel pour réflecteurs paraboliques	F4BAY	8/1/2001	62	/bulletins/62.pdf	12
Antennes - Lignes	Utilisation des tubes de plombier en guide d'onde	F5LWX	8/1/2001	62	/bulletins/62.pdf	17
Sous-ensembles - Composants	Récupération dans les tętes SAT (part2)	F5JGY	9/1/2001	63	/bulletins/63.pdf	
Appareils de mesures et mesures	Les bouchons pour wattmčtre Bird	F8IC	10/1/2001	64	/bulletins/64.pdf	8
Appareils de mesures et mesures	Les bouchons Bird	F8IC	10/1/2001	64	/bulletins/64.pdf	8
Antennes - Lignes	Abaque sur guide circulaire	Inconnu	10/1/2001	64	/bulletins/64.pdf	16
Sous-ensembles - Composants	Récupération dans les tętes SAT	F5GYJ	11/1/2001	65	/bulletins/65.pdf	
PA - Amplificateurs	PA 330 W ŕ 4 MRF286 	F1ANH	11/1/2001	65	/bulletins/65.pdf	
PA - Amplificateurs	Ampli 70 W ŕ MRF286 sur 1296 MHz	F5EFD	11/1/2001	65	/bulletins/65.pdf	
Sous-ensembles - Composants	Caractéristiques de substrats	F1CLQ	12/1/2001	66	/bulletins/66.pdf	
Sous-ensembles - Composants	Les MMIC	F5MKD	12/1/2001	66	/bulletins/66.pdf	
Sous-ensembles - Composants	Pratique des CMS / SMD pour débutants 	F9HX	12/1/2001	66	/bulletins/66.pdf	17
Appareils de mesures et mesures	Principe de la mesure du facteur Y et calcul du NF	F5CAU	12/1/2001	66	/bulletins/66.pdf	9
Antennes - Lignes	Pertinent design characteristics of parabolic antenna	Inconnu	12/1/2001	66	/bulletins/66.pdf	
Sous-ensembles - Composants	Filtres en capuchon de plomberie	WA4VJB	1/1/2002	67	/bulletins/67.pdf	
PA - Amplificateurs	Coupler des amplis 23cm avec les moyens du bord	F1ANH	1/1/2002	67	/bulletins/67.pdf	9
PA - Amplificateurs	PA 23 cm refroidissement ŕ eau (part 1)	F5PMB	1/1/2002	67	/bulletins/67.pdf	
Assemblage - Accessoires - Mécanique	Taraudage fin	F5ASM	1/1/2002	67	/bulletins/67.pdf	
Transceivers - Transverters - Convertisseurs	Une idée pour le 76 GHz	F6DPH	2/1/2002	68	/bulletins/68.pdf	
PA - Amplificateurs	PA 23 cm refroidissement ŕ eau (part 2)	F5PMB	2/1/2002	68	/bulletins/68.pdf	
PA - Amplificateurs	LNA 24 GHz 	F6DER & F6BVA	2/1/2002	68	/bulletins/68.pdf	8
Sous-ensembles - Composants	Rebobiner ses relais coaxiaux 	F5JGY	3/1/2002	69	/bulletins/69.pdf	7
PA - Amplificateurs	"PA ŕ MRF286  ""2C39 Killer"""	F1HPR	3/1/2002	69	/bulletins/69.pdf	
Assemblage - Accessoires - Mécanique	La neutralisation du perchlorrure de cuivre	F5LWX	3/1/2002	69	/bulletins/69.pdf	
Antennes - Lignes	Propagation des EOM en espace libre 	F1CLQ	3/1/2002	69	/bulletins/69.pdf	11
Antennes - Lignes	Parabole en grillage	F1DBE	3/1/2002	69	/bulletins/69.pdf	
Trafic - Propagation - Organisation	"DX  ""hyper"" mode de trafic"	F6BVA	4/1/2002	70	/bulletins/70.pdf	
Sous-ensembles - Composants	Calcul des lignes d'alimentation en microstrip	F1GHB	4/1/2002	70	/bulletins/70.pdf	5
Sous-ensembles - Composants	Filtres en bouchon de plomberie	F1GHB	4/1/2002	70	/bulletins/70.pdf	13
Antennes - Lignes	Champ d'une antenne isotropique	F1CLQ	4/1/2002	70	/bulletins/70.pdf	
Antennes - Lignes	Parabole en grillage 1,40 m	F1DBE	4/1/2002	70	/bulletins/70.pdf	
Antennes - Lignes	Identification des coudes en guide	F1GHB	4/1/2002	70	/bulletins/70.pdf	12
Antennes - Lignes	Tailles des guides d'onde	Inconnu	4/1/2002	70	/bulletins/70.pdf	9
PA - Amplificateurs	Les préamplis de réception (part 1)	F5JGY	5/1/2002	71	/bulletins/71.pdf	
Antennes - Lignes	Transitions guide/coaxial en WR137	F1GHB	5/1/2002	71	/bulletins/71.pdf	
PA - Amplificateurs	A propos des PA ŕ refroidissement liquide	F5AYE	6/1/2002	72	/bulletins/72.pdf	16
PA - Amplificateurs	Les préamplis de réception (part 2)	F5JGY	6/1/2002	72	/bulletins/72.pdf	
Oscillateurs - OL	Greffe d'un deuxičme OL sur un transverter DB6NT	F1ANH	6/1/2002	72	/bulletins/72.pdf	16
Assemblage - Accessoires - Mécanique	"Et si on parlait de mécanique"""	F9HX	6/1/2002	72	/bulletins/72.pdf	16
Trafic - Propagation - Organisation	Débuter en hyperfréquences (part 1)	F8IC	8/1/2002	73	/bulletins/73.pdf	
PA - Amplificateurs	Ampli 2300 MHz 5 W, 12 ou 24 VDC	F1ANH	8/1/2002	73	/bulletins/73.pdf	18
PA - Amplificateurs	Modifications du PA FLL 1000 pour 80 W / 2300 Mhz	F1ANH	8/1/2002	73	/bulletins/73.pdf	18
PA - Amplificateurs	Les préamplis de réception (part 3)	F5JGY	8/1/2002	73	/bulletins/73.pdf	9
Oscillateurs - OL	Un multiplicateur Hyper Large Bande	F6BVA	8/1/2002	73	/bulletins/73.pdf	9
Appareils de mesures et mesures	Probe et coupleur 10 Ghz	F6CER	8/1/2002	73	/bulletins/73.pdf	17
Appareils de mesures et mesures	Doubleur ŕ diodes	Guy Bouville	8/1/2002	73	/bulletins/73.pdf	
Antennes - Lignes	Affichage élévation d'une offset en fixe	F1GHB	8/1/2002	73	/bulletins/73.pdf	18
Trafic - Propagation - Organisation	Débuter en hyperfréquences (part 2)	F8IC	9/1/2002	74	/bulletins/74.pdf	
Télévision	Télévision amateur et 2300 MHz	F1HPR	9/1/2002	74	/bulletins/74.pdf	15
Trafic - Propagation - Organisation	Le 5,7 GHz pour les débutants 	F1MHC	10/1/2002	75	/bulletins/75.pdf	11
Trafic - Propagation - Organisation	Débuter en hyperfréquences (part 3)	F8IC	10/1/2002	75	/bulletins/75.pdf	
PA - Amplificateurs	Les préamplis de réception (part 4)	F5JGY	10/1/2002	75	/bulletins/75.pdf	
Appareils de mesures et mesures	Réparation d'un mélangeur de HP8555 pour le HP 141 (part 1)	F6HGQ & F6FMR	10/1/2002	75	/bulletins/75.pdf	5
Appareils de mesures et mesures	"Abaque ""Cutoff wavelenght in circular waveguides"" "	Inconnu	10/1/2002	75	/bulletins/75.pdf	20
Trafic - Propagation - Organisation	Débuter en hyperfréquences  (part 4)	F8IC	11/1/2002	76	/bulletins/76.pdf	
Sous-ensembles - Composants	Filtre passe bas 3 pôles 13 et 23cm	F5JGY	11/1/2002	76	/bulletins/76.pdf	
Sous-ensembles - Composants	Séquenceur E/R 	F6ETU	11/1/2002	76	/bulletins/76.pdf	
Sous-ensembles - Composants	Histoire du YIG	Guy Bouville	11/1/2002	76	/bulletins/76.pdf	11
Trafic - Propagation - Organisation	Débuter en hyperfréquences (part 5)	F8IC	12/1/2002	77	/bulletins/77.pdf	
PA - Amplificateurs	Circuit de polarisation pour amplis ŕ FET	F5JGY	12/1/2002	77	/bulletins/77.pdf	
Oscillateurs - OL	Prenez garde ŕ la malice des PLL	F9HX	12/1/2002	77	/bulletins/77.pdf	
Appareils de mesures et mesures	Réparation d'un mélangeur de HP8555 pour le HP 141 (part 2)	F6HGQ & F6FMR	12/1/2002	77	/bulletins/77.pdf	
Antennes - Lignes	Source EME 10 GHz d'aprčs IK5WJD	F6DRO	12/1/2002	77	/bulletins/77.pdf	
Trafic - Propagation - Organisation	Débuter en hyperfréquences  (Correction erratum)	F8IC	1/1/2003	78	/bulletins/78.pdf	
Sous-ensembles - Composants	MMIC GAL en ampli	F1GHB	1/1/2003	78	/bulletins/78.pdf	
Appareils de mesures et mesures	Prédiviseur par 1000  > 3 GHz	G. Bouville	1/1/2003	78	/bulletins/78.pdf	
Transceivers - Transverters - Convertisseurs	30 kHz de balayage pour l'IC202	S51JN	2/1/2003	79	/bulletins/79.pdf	
Sous-ensembles - Composants	Manipulateur électronique ŕ mémoire	F6DRO	2/1/2003	79	/bulletins/79.pdf	
Oscillateurs - OL	Les Oscillateurs Locaux (part 1)	F6BVA	2/1/2003	79	/bulletins/79.pdf	
PA - Amplificateurs	AMPLI 60 watts sur 6 cm	F6DPH	3/1/2003	80	/bulletins/80.pdf	
Oscillateurs - OL	Les Oscillateurs Locaux (suite)	F6BVA	3/1/2003	80	/bulletins/80.pdf	
Oscillateurs - OL	Un moyen de pouvoir ętre certain de sa fréquence	F9HX & F5CAU	3/1/2003	80	/bulletins/80.pdf	
Optique	75 km sur 447 THz	F1AVY	3/1/2003	80	/bulletins/80.pdf	
Sous-ensembles - Composants	Un galva particulier avec un ampli OP et un galva ordinaire	F6ABX / F1HSU	4/1/2003	81	/bulletins/81.pdf	
Oscillateurs - OL	Les oscillateurs locaux (part 2)	F6BVA	4/1/2003	81	/bulletins/81.pdf	
Oscillateurs - OL	Les oscillateurs locaux (part 3)	F6BVA	4/1/2003	81	/bulletins/81.pdf	
Transceivers - Transverters - Convertisseurs	Transverter 24 GHZ ATV / SSB 	F6CGB	5/1/2003	82	/bulletins/82.pdf	
Oscillateurs - OL	Synthčse d'un signal VHF avec une ref.  10 MHz  suite 	F9HX & F5CAU	5/1/2003	82	/bulletins/82.pdf	
Assemblage - Accessoires - Mécanique	Tirage des circuits imprimés	F6BVA	5/1/2003	82	/bulletins/82.pdf	
PA - Amplificateurs	Essais sur un transistor MRF284	F4CIB	6/1/2003	83	/bulletins/83.pdf	
PA - Amplificateurs	Amplificateur 60 W sur 5,7 GHz: le typon	F6DPH	6/1/2003	83	/bulletins/83.pdf	
Antennes - Lignes	Transitions guide/ Coax	F1GHB	6/1/2003	83	/bulletins/83.pdf	
Antennes - Lignes	Coupler deux yagis 25 éléments sur 13 cm (part 1)	F5JGY	6/1/2003	83	/bulletins/83.pdf	
Sous-ensembles - Composants	Commutation séquencée	F1BZG	8/1/2003	84	/bulletins/84.pdf	
Oscillateurs - OL	Synthčse d'un signal VHF avec une ref.  10 MHz  mise au point 	F9HX	8/1/2003	84	/bulletins/84.pdf	
Optique	LASER et IR	F1PLX	8/1/2003	84	/bulletins/84.pdf	
Antennes - Lignes	Coupler deux yagis 25 éléments sur 13 cm (part 2)	F5JGY	8/1/2003	84	/bulletins/84.pdf	
Alimentations	Alimentation forte puissance pour GaAs FET	F6DPH	8/1/2003	84	/bulletins/84.pdf	
Trafic - Propagation - Organisation	Calcul de distance et azimut sur calculette programmable	F6GYJ	9/1/2003	85	/bulletins/85.pdf	
PA - Amplificateurs	Classe A ou Classe B	F1PLX	9/1/2003	85	/bulletins/85.pdf	
Balises	Balise 6 cm	F6BVA	9/1/2003	85	/bulletins/85.pdf	
Antennes - Lignes	Réflecteur Cassegrain	F8IC	9/1/2003	85	/bulletins/85.pdf	
Transceivers - Transverters - Convertisseurs	Transverter 76 GHz	F5CAU	10/1/2003	86	/bulletins/86.pdf	
Sous-ensembles - Composants	Convertisseur 12 -> 24 V  10A	F6CSX	10/1/2003	86	/bulletins/86.pdf	
Oscillateurs - OL	Nos oscillateurs locaux ( suite mais pas fin)	F6BVA	10/1/2003	86	/bulletins/86.pdf	
Appareils de mesures et mesures	Perte dans les liaisons entre circuits	F9HX & F1EER	11/1/2003	87	/bulletins/87.pdf	
Sous-ensembles - Composants	Relais 10 GHz sans contact	F6BON	12/1/2003	88	/bulletins/88.pdf	
Appareils de mesures et mesures	Diviseur par 10  jusqu'ŕ 6 GHz	F6BON	12/1/2003	88	/bulletins/88.pdf	
Oscillateurs - OL	Oscillateurs Locaux (suite)	F6BVA	1/1/2004	89	/bulletins/89.pdf	
Optique	LASER et IR 	F1PLX	1/1/2004	89	/bulletins/89.pdf	
Appareils de mesures et mesures	Couper les hertz en quatre (part 1)	F8IC	1/1/2004	89	/bulletins/89.pdf	
Appareils de mesures et mesures	Couper les hertz en quatre 	F8IC	1/1/2004	89	/bulletins/89.pdf	
Oscillateurs - OL	Oscillateurs Locaux (suite et fin)	F6BVA	2/1/2004	90	/bulletins/90.pdf	
Oscillateurs - OL	Le Z3801A (standard de F contrôlé par GPS)	F6HGQ	2/1/2004	90	/bulletins/90.pdf	
Optique	LASER et IR (suite mais pas fin!)	F1PLX	2/1/2004	90	/bulletins/90.pdf	
Appareils de mesures et mesures	Couper les hertz en quatre (part 2)	F8IC	2/1/2004	90	/bulletins/90.pdf	
PA - Amplificateurs	Réalisation d'un driver 500 mW sur 5,7 GHz	F1JGP	3/1/2004	91	/bulletins/91.pdf	
PA - Amplificateurs	Ampli cryogénique ŕ faible bruit ŕ 5,7 GHz	F1PLX	3/1/2004	91	/bulletins/91.pdf	
Oscillateurs - OL	ERRATUM OL 12 GHz (page 11 du Hyper n° 90)	F6BVA	3/1/2004	91	/bulletins/91.pdf	
Antennes - Lignes	Asservissement d'antennes pour l'E.M.E.	F5JWF	3/1/2004	91	/bulletins/91.pdf	
Optique	LASER et I.R.	F1PLX	4/1/2004	92	/bulletins/92.pdf	
Alimentations	Protection et sécurité des montages 12 et 24 VDC	F5JGY	4/1/2004	92	/bulletins/92.pdf	
PA - Amplificateurs	Théorie des amplis de puissance ŕ haut rendement	F1PLX	5/1/2004	93	/bulletins/93.pdf	
PA - Amplificateurs	Préampli bande S par F1JGP	F1JGP	6/1/2004	94	/bulletins/94.pdf	
Appareils de mesures et mesures	Le niveau dans les mélangeurs hyper	F6CGB	6/1/2004	94	/bulletins/94.pdf	
PA - Amplificateurs	Préampli sélectif bande L	F1JGP	8/1/2004	95	/bulletins/95.pdf	
PA - Amplificateurs	LNA 10 GHz pas cher	F6CXO	8/1/2004	95	/bulletins/95.pdf	
Alimentations	Récupération d'un circuit de polarisation d'un LNB SAT	F5JGY	8/1/2004	95	/bulletins/95.pdf	
Alimentations	Convertisseur 12 ŕ 24V	HB9DUG	8/1/2004	95	/bulletins/95.pdf	
Sous-ensembles - Composants	Mesures sur petits isolateurs / circulateurs	F1GHB & F5EFD	10/1/2004	97	/bulletins/97.pdf	
Appareils de mesures et mesures	Générateur de peigne hyper	F2SF	10/1/2004	97	/bulletins/97.pdf	
Alimentations	Alimentation ŕ découpage 28V pour PA ŕ LDMOS	DH2VA & HB9DUN	10/1/2004	97	/bulletins/97.pdf	
Sous-ensembles - Composants	Doubleur 12->24 GHz	F6CXO	11/1/2004	98	/bulletins/98.pdf	
Sous-ensembles - Composants	Charges, atténuateurs, revętements en hyper	W3HMS	11/1/2004	98	/bulletins/98.pdf	
PA - Amplificateurs	Réalisation d'un ampli 1,3 W sur 13 cm	F1JGP	12/1/2004	99	/bulletins/99.pdf	
PA - Amplificateurs	Adaptation des PA 6,4 et 7 GHz pour le 6 cm	F5JGY	12/1/2004	99	/bulletins/99.pdf	
Appareils de mesures et mesures	Connecteurs pour tiroirs HP	W3HMS	12/1/2004	99	/bulletins/99.pdf	
PA - Amplificateurs	Adaptation des PA 6,4 et 7 GHz pour le 6 cm	F5JGY	1/1/2005	100	/bulletins/100.pdf	5
Antennes - Lignes	Illuminer une parabole offset en 23 cm	F4CXQ	1/1/2005	100	/bulletins/100.pdf	15
Antennes - Lignes	Support de parabole pour mat Versatower	F6FTN	1/1/2005	100	/bulletins/100.pdf	5
Sous-ensembles - Composants	Data Avantek Monolithic Amplifiers (DC to 8 GHz)	F1CHF	2/1/2005	101	/bulletins/101.pdf	7
Appareils de mesures et mesures	Wobulateur WOB31	F1ULQ & F5BPO	2/1/2005	101	/bulletins/101.pdf	7
Sous-ensembles - Composants	Convertisseur DC/DC	DF2CK	3/1/2005	102	/bulletins/102.pdf	4
Sous-ensembles - Composants	Quelques trucs pour le soudage des CMS	F9HX	3/1/2005	102	/bulletins/102.pdf	4
PA - Amplificateurs	Réalisation d'un PA 10 W sur 13 cm	F1JGP	3/1/2005	102	/bulletins/102.pdf	4
Oscillateurs - OL	Compte-rendu d'essais d'OCXO	F9HX	3/1/2005	102	/bulletins/102.pdf	4
Sous-ensembles - Composants	Un séquenceur simple ŕ relais	DF2CK	4/1/2005	103	/bulletins/103.pdf	4
Sous-ensembles - Composants	Commutateur en guide	F1VL	4/1/2005	103	/bulletins/103.pdf	4
Antennes - Lignes	Equivalence appellation guides d'onde	F1CHF	4/1/2005	103	/bulletins/103.pdf	
Sous-ensembles - Composants	Commutateur guide 24 GHz	F6CGB	5/1/2005	104	/bulletins/104.pdf	2
Sous-ensembles - Composants	J'ai essayé une capacité de 350 Farad	F9HX	5/1/2005	104	/bulletins/104.pdf	2
Transceivers - Transverters - Convertisseurs	Récepteur large bande 1420 MHz	F1GQB	6/1/2005	105	/bulletins/105.pdf	4
Sous-ensembles - Composants	Séquenceur de relais en guide	F5JWF	6/1/2005	105	/bulletins/105.pdf	4
Sous-ensembles - Composants	Quelques idées sur les blindages	F8IC	7/1/2005	106	/bulletins/106.pdf	6
Antennes - Lignes	Une antenne Ultra Large pour les HYPERS	F4BAY	9/1/2005	107	/bulletins/107.pdf	15
Antennes - Lignes	Compilation transitions 10 GHz WET 501	F5JGY	9/1/2005	107	/bulletins/107.pdf	4
Transceivers - Transverters - Convertisseurs	Boîte blanche 24 GHz	F6DRO	10/1/2005	108	/bulletins/108.pdf	6
Sous-ensembles - Composants	Encore un noyau de cassé (part1)	F9HX	10/1/2005	108	/bulletins/108.pdf	5
Oscillateurs - OL	Le point sur le synthétiseur de F5CAU/F9HX	F5CAU & F9HX	10/1/2005	108	/bulletins/108.pdf	6
Antennes - Lignes	Un cornet 5,7 GHz par pliage	F6CXO	10/1/2005	108	/bulletins/108.pdf	13
Sous-ensembles - Composants	Condensateurs ajustables pour les OL F6BVA	F6BVA	11/1/2005	109	/bulletins/109.pdf	
Sous-ensembles - Composants	Encore un noyau de cassé (part2)	F9HX	11/1/2005	109	/bulletins/109.pdf	6
Assemblage - Accessoires - Mécanique	L' électro formage	F1GQB & YL	11/1/2005	109	/bulletins/109.pdf	7
Appareils de mesures et mesures	Trois sondes pour des mesures HF	F9HX	11/1/2005	109	/bulletins/109.pdf	7
Appareils de mesures et mesures	Noise monitor	F5JWF	12/1/2005	110	/bulletins/110.pdf	3
Appareils de mesures et mesures	De la bonne utilisation des atténuateurs (part1)	F9HX	12/1/2005	110	/bulletins/110.pdf	3
Sous-ensembles - Composants	Increasing amplifier relay speed	K6XX	1/1/2006	111	/bulletins/111.pdf	8
PA - Amplificateurs	Des amplis 10 GHz pas chers	F6CXO	1/1/2006	111	/bulletins/111.pdf	8
Oscillateurs - OL	Synthétiseur F5CAU/F9HX additif	F5CAU & F9HX	1/1/2006	111	/bulletins/111.pdf	8
Appareils de mesures et mesures	De la bonne utilisation des atténuateurs (part2)	F9HX	1/1/2006	111	/bulletins/111.pdf	8
Transceivers - Transverters - Convertisseurs	Boîtes blanches 24 GHz  mise en oeuvre facile	F5JGY	2/1/2006	112	/bulletins/112.pdf	6
Sous-ensembles - Composants	Mitsubishi code des GaAs  par inconnu !	Inconnu	2/1/2006	112	/bulletins/112.pdf	13
Assemblage - Accessoires - Mécanique	Optimisation de la charge de batteries par panneaux solaires	F5IX	2/1/2006	112	/bulletins/112.pdf	14
PA - Amplificateurs	LNA avec les plaquettes de Franco	F1GQB	3/1/2006	113	/bulletins/113.pdf	18
Oscillateurs - OL	Retour sur la précision et la stabilité en Hyper	F9HX	3/1/2006	113	/bulletins/113.pdf	5
Assemblage - Accessoires - Mécanique	Un trépied pour les nuls ...en mécanique	F6KFA	3/1/2006	113	/bulletins/113.pdf	5
Assemblage - Accessoires - Mécanique	Un trépied pour les nuls	F5IWN	4/1/2006	114	/bulletins/114.pdf	5
Appareils de mesures et mesures	Petit radiotélescope sur 24 GHz	F1GBQ	4/1/2006	114	/bulletins/114.pdf	5
Trafic - Propagation - Organisation	Quizz du corbeau (part 1)	F8IC	1/5/2006	115	/bulletins/115.pdf	8
Sous-ensembles - Composants	Réalisation d'un filtre 10,368 GHz	F6GYJ	5/1/2006	115	/bulletins/115.pdf	8
Appareils de mesures et mesures	Mesure de bruit solaire en transit	F5JWF	5/1/2006	115	/bulletins/115.pdf	8
Appareils de mesures et mesures	Mélangeur extérieur pour HP141+HP8555	F6CXO	5/1/2006	115	/bulletins/115.pdf	8
Trafic - Propagation - Organisation	Quizz du corbeau (part 2)	F8IC	1/6/2006	116	/bulletins/116.pdf	4
Oscillateurs - OL	Générateur de peigne-marqueur 1 MHz 	F5CAU & F9HX	6/1/2006	116	/bulletins/116.pdf	4
Oscillateurs - OL	13 MHz X 9 = 117 MHz	F5JGY	6/1/2006	116	/bulletins/116.pdf	4
Trafic - Propagation - Organisation	Quizz du corbeau (part 3)	F8IC	1/7/2006	117	/bulletins/117.pdf	12
Antennes - Lignes	Aide au calage des trépieds	 F1PYR & F1DBE	8/1/2006	117	/bulletins/117.pdf	6
Antennes - Lignes	Façon simple et rapide pour fabriquer des antennes 23 cm	F5PMB	8/1/2006	117	/bulletins/117.pdf	11
Antennes - Lignes	Une source bi-bande 10/24 GHz	W3HMS	8/1/2006	117	/bulletins/117.pdf	16
Transceivers - Transverters - Convertisseurs	Transverter 24 GHz 	F1JGP & F6FAX	9/1/2006	118	/bulletins/118.pdf	12
Sous-ensembles - Composants	Mesures sur GaAsFET	F5FLN	9/1/2006	118	/bulletins/118.pdf	5
Oscillateurs - OL	OCXO 60°	F1JGP	9/1/2006	118	/bulletins/118.pdf	12
Assemblage - Accessoires - Mécanique	Réparation KR600 	F1EHX	9/1/2006	118	/bulletins/118.pdf	5
Transceivers - Transverters - Convertisseurs	Transverter light F1JGP 868,363 -> 144 MHz 	F1JGP	10/1/2006	119	/bulletins/119.pdf	6
Antennes - Lignes	Source bibande par IK2OFO et IK1GEX	IK2OFO	10/1/2006	119	/bulletins/119.pdf	6
Transceivers - Transverters - Convertisseurs	Transverter 144 - 24 GHz F1JGP, synoptique schémas	F1JGP	11/1/2006	120	/bulletins/120.pdf	6
Oscillateurs - OL	Marqueur 1 MHz  (erratum)	F9HX	11/1/2006	120	/bulletins/120.pdf	6
Antennes - Lignes	Source tri-bande IK1GEX 	F1BZG	11/1/2006	120	/bulletins/120.pdf	6
Antennes - Lignes	Source bi-bande IK1GEX 	F1BZG	11/1/2006	120	/bulletins/120.pdf	6
Assemblage - Accessoires - Mécanique	Couronne graduée pour trépied	F8BTP	12/1/2006	121	/bulletins/121.pdf	8
Antennes - Lignes	Le cornet SQG compilation	F6DRO	12/1/2006	121	/bulletins/121.pdf	8
Oscillateurs - OL	Quelques nouvelles du synthé F5CAU-F9HX	F9HX	1/1/2007	122	/bulletins/122.pdf	20
Appareils de mesures et mesures	Générateur de tracking ŕ moindre frais	HB9DUG	1/1/2007	122	/bulletins/122.pdf	6
Appareils de mesures et mesures	Le spectrum du pauvre	HB9VJU	1/1/2007	122	/bulletins/122.pdf	
Antennes - Lignes	Transition guide circulaire/WR90	F4CXQ	1/1/2007	122	/bulletins/122.pdf	10
Oscillateurs - OL	Oscillateur bande C	F1JGP	2/1/2007	123	/bulletins/123.pdf	4
Oscillateurs - OL	Synthétiseur F5CAU / F9HX quelques précisions	F9HX	2/1/2007	123	/bulletins/123.pdf	18
Assemblage - Accessoires - Mécanique	Commande de servo moteur pour relais guide	F6FAX	2/1/2007	123	/bulletins/123.pdf	4
Antennes - Lignes	Astuce d'assemblage de brides	F6HGQ	2/1/2007	123	/bulletins/123.pdf	17
Appareils de mesures et mesures	Un marqueur 1,3 MHz	F5IWN	3/1/2007	124	/bulletins/124.pdf	4
Oscillateurs - OL	Encore des infos sur le synthé F5CAU - F9HX	F9HX	4/1/2007	125	/bulletins/125.pdf	3
Assemblage - Accessoires - Mécanique	Démontage des tourelles de trépied ALCATEL	F1URI	4/1/2007	125	/bulletins/125.pdf	3
Sous-ensembles - Composants	Réutilisation de transistors pré-matchés sur 3 cm	F6BVA	5/1/2007	126	/bulletins/126.pdf	4
Appareils de mesures et mesures	étude du risque des rayonnements EM sur la santé part 1/2	F4BUC	5/1/2007	126	/bulletins/126.pdf	4
Sous-ensembles - Composants	Circuit intégré synthétiseur ICS525	F8IC	6/1/2007	127	/bulletins/127.pdf	7
Appareils de mesures et mesures	Etude du risque des rayonnements part 2/2	F4BUC	6/1/2007	127	/bulletins/127.pdf	7
Antennes - Lignes	Guides millimétriques maison	F1GHB	6/1/2007	127	/bulletins/127.pdf	7
Transceivers - Transverters - Convertisseurs	Boîte blanche 24 GHz	F5JGY	8/1/2007	128	/bulletins/128.pdf	13
Oscillateurs - OL	Retour sur le synthé  F9HX	F9HX	8/1/2007	128	/bulletins/128.pdf	7
Alimentations	Alimentation QRO 26 ŕ 30 V / 50 Amp	F5UAM & F5JWF	8/1/2007	128	/bulletins/128.pdf	8
Alimentations	Alimentation BT E/S isolée Sinequanon	F6ABX	8/1/2007	128	/bulletins/128.pdf	5
Oscillateurs - OL	Oscillateur Butler	F9HX	9/1/2007	129	/bulletins/129.pdf	
Antennes - Lignes	Source W5LUA 10 et 5,7 GHz	F5AYE	9/1/2007	129	/bulletins/129.pdf	9
Oscillateurs - OL	L'OCXO mais c’est trčs simple	F6BVA	10/1/2007	130	/bulletins/130.pdf	7
Antennes - Lignes	Parabole Offset Grégorienne	F6DPH	10/1/2007	130	/bulletins/130.pdf	14
Sous-ensembles - Composants	Coupleur 1296 MHz 	F6DPH	11/1/2007	131	/bulletins/131.pdf	14
Assemblage - Accessoires - Mécanique	Trépied de F1VL	F1VL	11/1/2007	131	/bulletins/131.pdf	14
Appareils de mesures et mesures	Relier votre HP141T avec un PC 	F1FRV	12/1/2007	132	/bulletins/132.pdf	4
Antennes - Lignes	Cornet SQG : résonateur mobile 	F6DRO	12/1/2007	132	/bulletins/132.pdf	4
PA - Amplificateurs	Plan de masse pour MRF 286	F5AYE	1/1/2008	133	/bulletins/133.pdf	5
Antennes - Lignes	Interfaçage WR 90 en WR 75	F6DRO	1/1/2008	133	/bulletins/133.pdf	5
Antennes - Lignes	Le WR 75 en 10 GHz	F6DRO	1/1/2008	133	/bulletins/133.pdf	5
Appareils de mesures et mesures	Milliwattmčtre numérique DC ŕ 3 GHz, et de –55 ŕ –5dBm	F1TJJ	2/1/2008	134	/bulletins/134.pdf	
Sous-ensembles - Composants	Préamplificateur faible bruit pour la bande 23cm	F1OPA	3/1/2008	135	/bulletins/135.pdf	13
Appareils de mesures et mesures	Remplacement luciole sur un ADRET 7100D	F1MHC	3/1/2008	135	/bulletins/135.pdf	12
Appareils de mesures et mesures	Influence de la désadaptation de l’antenne sur le facteur de bruit	F6DRO	3/1/2008	135	/bulletins/135.pdf	3
Sous-ensembles - Composants	Commutation de relais coax ŕ commande TTL	F1EIT	4/1/2008	136	/bulletins/136.pdf	5
Sous-ensembles - Composants	Séquenceur E/R simple	F5UAM	4/1/2008	136	/bulletins/136.pdf	6
Appareils de mesures et mesures	"Construction d'un ""noise detector"""	F5JGY	4/1/2008	136	/bulletins/136.pdf	6
Transceivers - Transverters - Convertisseurs	Modif IC202	F1MHC	5/1/2008	137	/bulletins/137.pdf	13
Assemblage - Accessoires - Mécanique	Scanner, bino et four ŕ refusion part 1/3	F6ITU	5/1/2008	137	/bulletins/137.pdf	13
Appareils de mesures et mesures	Mesure ciel froid/sol et soleil/ciel froid 	F5JGY	5/1/2008	137	/bulletins/137.pdf	7
Sous-ensembles - Composants	Séquenceur E/R ŕ PIC (mono ou bistable)	F1UBZ	6/1/2008	138	/bulletins/138.pdf	2
Assemblage - Accessoires - Mécanique	Scanner, bino et four ŕ refusion part 2/3	F6ITU	6/1/2008	138	/bulletins/138.pdf	2
Transceivers - Transverters - Convertisseurs	Les kits hyper (DB6NT 5,7 GHz)	F1EHX	8/1/2008	139	/bulletins/139.pdf	8
Sous-ensembles - Composants	Autopsie et sauvetage d'un commutateur guide	F4CKM	8/1/2008	139	/bulletins/139.pdf	8
Assemblage - Accessoires - Mécanique	Scanner, bino et four ŕ refusion part 3/3	F6ITU	8/1/2008	139	/bulletins/139.pdf	5
Assemblage - Accessoires - Mécanique	Boitier Schubert et CI, Montage et filtres en cloche	Reflecteur Hyper	8/1/2008	139	/bulletins/139.pdf	8
Alimentations	Convertisseur 12--24VDC	W3HMS	8/1/2008	139	/bulletins/139.pdf	
Sous-ensembles - Composants	Séquenceur CMS 	F5UAM	9/1/2008	140	/bulletins/140.pdf	2
PA - Amplificateurs	PA QRO sur 6cm	F6BVA & F6DPH & F8BTP	9/1/2008	140	/bulletins/140.pdf	2
Appareils de mesures et mesures	LNB et facteur de bruit	F5JGY	9/1/2008	140	/bulletins/140.pdf	2
Sous-ensembles - Composants	Et un petit séquenceur de plus	F1BFZ	10/1/2008	141	/bulletins/141.pdf	
Oscillateurs - OL	Comparateur des différents types d'oscillateurs	F1AFJ	10/1/2008	141	/bulletins/141.pdf	10
Assemblage - Accessoires - Mécanique	Pied de parasol / parabole	F6BQX	10/1/2008	141	/bulletins/141.pdf	9
Appareils de mesures et mesures	Les points S en VHF	F9HX	10/1/2008	141	/bulletins/141.pdf	7
Antennes - Lignes	Cornet Visiosat 73896 sur 10 GHz	F6DRO	10/1/2008	141	/bulletins/141.pdf	17
Sous-ensembles - Composants	Détecteur et multiplicateur sur boîte blanche.	F1GQB	11/1/2008	142	/bulletins/142.pdf	12
Antennes - Lignes	Cale d'adaptation pour cornet SQG 10 GHz part 1/3	F1JRZ & F5JWF & F6DRO	11/1/2008	143	/bulletins/143.pdf	2
Appareils de mesures et mesures	Réparation atténuateurs  HP 33322 WEINSCHEL 157-110	F5VFT & ON5FQ	12/1/2008	143	/bulletins/143.pdf	2
Antennes - Lignes	Cale d'adaptation pour cornet SQG 10GHz part 2/3	F1JRZ & F5JWF & F6DRO	12/1/2008	143	/bulletins/143.pdf	2
Sous-ensembles - Composants	Séquenceur E/R	F5UAM	1/1/2009	144	/bulletins/144.pdf	
Antennes - Lignes	Cale d'adaptation pour cornet SQG 10GHz part 3 /3	F1JRZ & F5JWF & F6DRO	1/1/2009	144	/bulletins/144.pdf	
Alimentations	DC/DC multi-tensions de sortie	F5UAM	1/1/2009	144	/bulletins/144.pdf	
Sous-ensembles - Composants	Atténuateurs 24 GHz	F6FAX	2/1/2009	145	/bulletins/145.pdf	6
Oscillateurs - OL	Oscillateurs ŕ base de YIG	F1LPV	2/1/2009	145	/bulletins/145.pdf	6
Antennes - Lignes	Source bi-bande 13 et 23 cm	F6DRO	2/1/2009	145	/bulletins/145.pdf	6
Transceivers - Transverters - Convertisseurs	Modification du FT817 pour transverter	DK2RV	3/1/2009	146	/bulletins/146.pdf	6
Sous-ensembles - Composants	Attention au marquage des transistors CMS	F1CHF	3/1/2009	146	/bulletins/146.pdf	12
Oscillateurs - OL	Répartiteur de 10 MHz	F6DPH	3/1/2009	146	/bulletins/146.pdf	6
Antennes - Lignes	Mesures sur les antennes imprimées de WA5VJB	HB9DTX	3/1/2009	146	/bulletins/146.pdf	13
Antennes - Lignes	Les cotes du cornet SQG 10 GHz	F1JRZ	4/1/2009	147	/bulletins/147.pdf	
Antennes - Lignes	Simulation cornet cônique 24 GHz 	F6DRO	4/1/2009	147	/bulletins/147.pdf	
Alimentations	Les batteries au plomb	F5UAM	4/1/2009	147	/bulletins/147.pdf	
Sous-ensembles - Composants	Choisissez votre MMIC	F6CXO	5/1/2009	148	/bulletins/148.pdf	
Oscillateurs - OL	Multiplicateur pour TCXO	F5LWX	5/1/2009	148	/bulletins/148.pdf	
Antennes - Lignes	Simulation du cornet 24 GHz de PA3BPC	F6DRO	5/1/2009	148	/bulletins/148.pdf	3
Sous-ensembles - Composants	Protections de fiches N étanches 	F1JKY	6/1/2009	149	/bulletins/149.pdf	12
Antennes - Lignes	Commentaires sur les dessins des cornets SQG	F1JRZ	6/1/2009	149	/bulletins/149.pdf	18
Assemblage - Accessoires - Mécanique	Réalisation petits boitiers hypers	F1GHB	7/1/2009	150	/bulletins/150.pdf	6
Antennes - Lignes	Cintrage guide d'onde	F4CKM	7/1/2009	150	/bulletins/150.pdf	6
Antennes - Lignes	Parabole bi-bandes ŕ barillet	F5IGK	7/1/2009	150	/bulletins/150.pdf	6
Oscillateurs - OL	Répartiteur 10 MHz	F6FAX	9/1/2009	151	/bulletins/151.pdf	2
Assemblage - Accessoires - Mécanique	Trépied de parabole, lourd (part 1/2) 	F1NPX	9/1/2009	151	/bulletins/151.pdf	2
Transceivers - Transverters - Convertisseurs	Nouvelle vie pour le FT290 (part 1/2)	F5RTC	10/1/2009	152	/bulletins/152.pdf	3
Assemblage - Accessoires - Mécanique	Trépied de parabole, lourd (part 2/2)	F1NPX	10/1/2009	152	/bulletins/152.pdf	3
Transceivers - Transverters - Convertisseurs	Nouvelle vie pour le FT290 part 2/2	F5RTC	11/1/2009	153	/bulletins/153.pdf	5
Transceivers - Transverters - Convertisseurs	Alcatel boîtes blanches de Scatterpoint	G4NNS	11/1/2009	153	/bulletins/153.pdf	5
Sous-ensembles - Composants	Le capteur de courant LEM	F5UAM	11/1/2009	153	/bulletins/153.pdf	5
Assemblage - Accessoires - Mécanique	La colophane de F1HSU et F5BQP	F1HSU & F5BQP	11/1/2009	153	/bulletins/153.pdf	5
Oscillateurs - OL	Pilote ŕ haute stabilité pour balise SHF 	F9HX	12/1/2009	154	/bulletins/154.pdf	4
Transceivers - Transverters - Convertisseurs	Transceivers - Transverters - Convertisseurs 	F6HGQ & F1CLQ	1/1/2010	155	/bulletins/155.pdf	
PA - Amplificateurs	Boîtes blanches story…Tests sur les PA en circulation	F1LVO	1/1/2010	155	/bulletins/155.pdf	3
Oscillateurs - OL	Pilote haute stabilité pour balise SHF 	F9HX	1/1/2010	155	/bulletins/155.pdf	3
Sous-ensembles - Composants	Régulateur 5 V QRO	F6CSX	2/1/2010	156	/bulletins/156.pdf	19
Appareils de mesures et mesures	Détecteur de puissance RF large bande	F5JWF	2/1/2010	156	/bulletins/156.pdf	6
Antennes - Lignes	Antenne patch pour le 23 cm	HB9DTX	2/1/2010	156	/bulletins/156.pdf	10
Alimentations	Les batteries au plomb 1/2	F5UAM	2/1/2010	156	/bulletins/156.pdf	16
PA - Amplificateurs	Ampli SPECTRAN 23 GHz	F5DQK	3/1/2010	157	/bulletins/157.pdf	12
Oscillateurs - OL	Introduction au PLVCXO de DF9IC	F4DRU	3/1/2010	157	/bulletins/157.pdf	18
Antennes - Lignes	Les positionneurs d'occasion	F1URI	3/1/2010	157	/bulletins/157.pdf	9
Alimentations	Les batteries au plomb 2/2	F5UAM	3/1/2010	157	/bulletins/157.pdf	5
PA - Amplificateurs	Ampli RFMA	F5DQK	4/1/2010	158	/bulletins/158.pdf	9
PA - Amplificateurs	Ampli 23 GHz 30 W ŕ 6S21050L	F5DQK & F4DRU	4/1/2010	158	/bulletins/158.pdf	5
Antennes - Lignes	Calcul de la PAR des antennes paraboliques	W3HMS & K4ITO,	4/1/2010	158	/bulletins/158.pdf	15
Transceivers - Transverters - Convertisseurs	Sortie SDR pour FT817 1/2	F6DRO	5/1/2010	159	/bulletins/159.pdf	18
Oscillateurs - OL	Comment faire monter l'oscillateur 2 du Synfox	F5JWF	5/1/2010	159	/bulletins/159.pdf	12
Antennes - Lignes	Antenne Patch 23 cm	HB9DTX	5/1/2010	159	/bulletins/159.pdf	10
Transceivers - Transverters - Convertisseurs	Sortie SDR pour FT817	F6DRO	6/1/2010	160	/bulletins/160.pdf	14
Sous-ensembles - Composants	Bias Tee 50-3000 MHz	F1OPA	6/1/2010	160	/bulletins/160.pdf	11
Appareils de mesures et mesures	Mesures hyper ( Rubrique j'ai lu pour vous )	F8IC	6/1/2010	160	/bulletins/160.pdf	6
Alimentations	Performances en bruit des régulateurs de tension	F5NZZ	6/1/2010	160	/bulletins/160.pdf	7
Oscillateurs - OL	L’OCXO revisité pour les OM	F9HX	7/1/2010	161	/bulletins/161.pdf	
Antennes - Lignes	Cornet TM422 WR42	F6DRO	7/1/2010	161	/bulletins/161.pdf	8
Alimentations	Performances en bruit des régulateurs de tension	F5NZZ	7/1/2010	161	/bulletins/161.pdf	12
Appareils de mesures et mesures	Contrôler nos MOS de puissance hyper	F6BVA	9/1/2010	162	/bulletins/162.pdf	4
Sous-ensembles - Composants	Evaluation du blindage HF par un grillage	F6TEM	10/1/2010	163	/bulletins/163.pdf	3
Antennes - Lignes	Protection des cornets	F1VL	10/1/2010	163	/bulletins/163.pdf	15
Oscillateurs - OL	Ajustement QRG OXO	F5NZZ	11/1/2010	164	/bulletins/164.pdf	14
Appareils de mesures et mesures	"""Noise temperature"" théorie et applications ( Rubrique j'ai lu pour vous )"	F8IC	11/1/2010	164	/bulletins/164.pdf	
Assemblage - Accessoires - Mécanique	Infos perçage	F1BZG	12/1/2010	165	/bulletins/165.pdf	5
Appareils de mesures et mesures	Coupleur home made 23 cm	F5NZZ	12/1/2010	165	/bulletins/165.pdf	6
Appareils de mesures et mesures	L'analyseur 12 GHz pas cher	F6CXO	12/1/2010	165	/bulletins/165.pdf	8
Transceivers - Transverters - Convertisseurs	Transverter 47 GHz	F6FAX	1/1/2011	166	/bulletins/166.pdf	10
PA - Amplificateurs	Amplificateur 30W 2300MHz	F5EJZ	1/1/2011	166	/bulletins/166.pdf	
Oscillateurs - OL	Doubleur 23 GHz vers 47GHz	ON 4IY	1/1/2011	166	/bulletins/166.pdf	8
Assemblage - Accessoires - Mécanique	Collage ŕ l'argent	F6BVA	1/1/2011	166	/bulletins/166.pdf	
Appareils de mesures et mesures	Analyseur 12 GHz pas cher Erratum	F6CXO	1/1/2011	166	/bulletins/166.pdf	22
Appareils de mesures et mesures	Source de bruit 47 GHz	F6FAX	1/1/2011	166	/bulletins/166.pdf	
Oscillateurs - OL	47Ghz : faisabilité de la FI sur 1296Mhz	F6DRO	2/1/2011	167	/bulletins/167.pdf	
Assemblage - Accessoires - Mécanique	Le collage des circuits imprimés en Hyperfréquence	F9HX	2/1/2011	167	/bulletins/167.pdf	13
Antennes - Lignes	Antennes plasma ( Rubrique j'ai lu pour vous )	F8IC	2/1/2011	167	/bulletins/167.pdf	19
PA - Amplificateurs	Le refroidissement des « GROS » PA en SHF	F9HX	3/1/2011	168	/bulletins/168.pdf	12
PA - Amplificateurs	Séquenseur E/R avec commande d'ampli	F5EJZ	3/1/2011	168	/bulletins/168.pdf	18
Antennes - Lignes	Slot 24Ghz 	F6DRO & F8BTP	3/1/2011	168	/bulletins/168.pdf	6
Transceivers - Transverters - Convertisseurs	Boites blanches – module détecteur et multiplicateur.	F6HGQ	4/1/2011	169	/bulletins/169.pdf	10
Transceivers - Transverters - Convertisseurs	Projet 47 GHz	F5IWN	4/1/2011	169	/bulletins/169.pdf	13
PA - Amplificateurs	Le refroidissement des « GROS » PA en SHF	F9HX	4/1/2011	169	/bulletins/169.pdf	6
PA - Amplificateurs	Sécurité pour les amplis de puissance	F5EJZ	4/1/2011	169	/bulletins/169.pdf	11
Sous-ensembles - Composants	Infos QST CMS bouchons filtre ( Rubrique j'ai lu pour vous )	F8IC	5/1/2011	170	/bulletins/170.pdf	9
PA - Amplificateurs	Mon futur PA 15 W 10 GHz ne chauffera pas trop !	F9HX	5/1/2011	170	/bulletins/170.pdf	7
Transceivers - Transverters - Convertisseurs	Mélangeurs sous-harmoniques ŕ diode	F1JGP	6/1/2011	171	/bulletins/171.pdf	
Sous-ensembles - Composants	RF cookbook et mélangeurs sub-harmoniques ( Rubrique j'ai lu pour vous )	F8IC	6/1/2011	171	/bulletins/171.pdf	8
Antennes - Lignes	Cornet SQG 6cm	F6DRO & F1JRZ	6/1/2011	171	/bulletins/171.pdf	11
Transceivers - Transverters - Convertisseurs	Boîtes Blanches et FI 144 Mhz	F1LVO & F5DKK	7/1/2011	172	/bulletins/172.pdf	8
Sous-ensembles - Composants	Diodes dans les multiplicateurs millimétriques et autres ( Rubrique j'ai lu pour vous )	F8IC	7/1/2011	172	/bulletins/172.pdf	
Assemblage - Accessoires - Mécanique	Pas de soudure sans plomb, surtout en SHF	F9HX	7/1/2011	172	/bulletins/172.pdf	15
Antennes - Lignes	Cale adaptatrice quart d’onde WR137 vers guide circulaire	F6DRO & F1JRZ	7/1/2011	172	/bulletins/172.pdf	18
Antennes - Lignes	Source W5LUA 5,7 et 10 GHz	F1GHB	9/1/2011	173	/bulletins/173.pdf	8
Sous-ensembles - Composants	Filtre 47 Ghz OE9PMJ	F1GHB	10/1/2011	174	/bulletins/174.pdf	
Sous-ensembles - Composants	Les substrats ( Rubrique j'ai lu pour vous ) (part 1)	F8IC	10/1/2011	174	/bulletins/174.pdf	14
PA - Amplificateurs	Le petit ampli 6cm qui pouvait … ou le Watt pour 10 EUR.	ON4IY	10/1/2011	174	/bulletins/174.pdf	12
Antennes - Lignes	Utilisation du guide WR28 sur 47	F6DRO	10/1/2011	174	/bulletins/174.pdf	8
Sous-ensembles - Composants	Bien connaître les condensateurs céramiques	F9HX	11/1/2011	175	/bulletins/175.pdf	7
Sous-ensembles - Composants	Les substrats ( Rubrique j'ai lu pour vous ) (part 2)	F8IC	11/1/2011	175	/bulletins/175.pdf	17
Antennes - Lignes	 Cornet 13 cm pour parabolle Offset	F6DRO	12/1/2011	176	/bulletins/176.pdf	9
Antennes - Lignes	Fabrication d’un cornet 76 GHz dual-mode	F4BAY	12/1/2011	176	/bulletins/176.pdf	15
Antennes - Lignes	Transitions guide microstrip sur 3cm	F6DRO	12/1/2011	176	/bulletins/176.pdf	20
Antennes - Lignes	Cornet lisses et rainurés pour antennes hyperfréquence part 1	F8IC	1/1/2012	177	/bulletins/177.pdf	
Sous-ensembles - Composants	Filtre passe-bande 10 GHz	F1OPA	1/1/2012	177	/bulletins/177.pdf	
Antennes - Lignes	Cornet lisses et rainurés pour antennes hyperfréquence part 2	F8IC	2/1/2012	178	/bulletins/178.pdf	
Trafic - Propagation - Organisation	Les Hyper dans l'espace	F5PL	2/1/2012	178	/bulletins/178.pdf	13
Antennes - Lignes	Source double Quad pour le 13 cm	F1DBE	2/1/2012	178	/bulletins/178.pdf	
Antennes - Lignes	Cornet lisses et rainurés pour antennes hyperfréquence part 3	F8IC	3/1/2012	179	/bulletins/179.pdf	
Antennes - Lignes	Coupleur hybride 13 cm	F5JWF	3/1/2012	179	/bulletins/179.pdf	10
PA - Amplificateurs	Ampli 23 cm avec un module hybride RA18H1213G	F1DBE	3/1/2012	179	/bulletins/179.pdf	
Trafic - Propagation - Organisation	Profil d'élévation Google Earth 	DK2RV	4/1/2012	180	/bulletins/180.pdf	7
Antennes - Lignes	Evaluation feed TM410 part 1 	F6DRO	4/1/2012	180	/bulletins/180.pdf	8
Antennes - Lignes	Illumination d'une lentille en 76 GHz	F4BAY	4/1/2012	180	/bulletins/180.pdf	11
Transceivers - Transverters - Convertisseurs	Effet néfastes de la fréquence image en SHF part 1	F9HX	4/1/2012	180	/bulletins/180.pdf	13
Balises	Balises hyperfréquence d'aprčs QST (W1GHZ)	F8IC	5/1/2012	181	/bulletins/181.pdf	
Antennes - Lignes	Evaluation feed TM410, les mesures part 2	F6DRO	5/1/2012	181	/bulletins/181.pdf	9
Balises	Balise 10 GHz ŕ faisceau tournant	F5AYE	5/1/2012	181	/bulletins/181.pdf	12
Transceivers - Transverters - Convertisseurs	Effet néfastes de la fréquence image en SHF part 2	F9HX	5/1/2012	181	/bulletins/181.pdf	16
Appareils de mesures et mesures	Analyseur de réseau scalaire SNA2550	F8IC	6/1/2012	182	/bulletins/182.pdf	
Antennes - Lignes	Evaluation du cornet DC8UG	F6DRO	6/1/2012	182	/bulletins/182.pdf	10
Oscillateurs - OL	PLL-VXO contrôle auditif du verrouillage	F5IWN	6/1/2012	182	/bulletins/182.pdf	12
Antennes - Lignes	Assemblage des guides	F6HGQ	6/1/2012	182	/bulletins/182.pdf	
Trafic - Propagation - Organisation	Station EME  1296 GHz	W3HMS	6/1/2012	182	/bulletins/182.pdf	13
Appareils de mesures et mesures	Le Bird 43	F8IC	7/1/2012	183	/bulletins/183.pdf	
Antennes - Lignes	Feed bi-bande DC8UG sur 1296 MHz	F6DRO	7/1/2012	183	/bulletins/183.pdf	10
Sous-ensembles - Composants	Commande d'un relais en guide d'onde	F1CHF	7/1/2012	183	/bulletins/183.pdf	11
Sous-ensembles - Composants	Les condensateurs électrochimques dans les alimentations C/C	F9HX	7/1/2012	183	/bulletins/183.pdf	12
Appareils de mesures et mesures	Analyseurs de réseaux: calibrage ŕ l'aide de lignes de mesure part 1	F8IC	7/1/2012	184	/bulletins/184.pdf	
Transceivers - Transverters - Convertisseurs	Pertes en guide devant un transverter 10 GHz	F6DRO	7/1/2012	184	/bulletins/184.pdf	6
Appareils de mesures et mesures	"Extension de fréquence pour un ""NF analyser"""	F5DKK & F1LVO	7/1/2012	184	/bulletins/184.pdf	8
Assemblage - Accessoires - Mécanique	Coler un PCB dans un boitier aluminium	F4GEV	7/1/2012	184	/bulletins/184.pdf	10
Antennes - Lignes	Cale adaptatrice cornet SQG vers WR75	F6DRO	7/1/2012	184	/bulletins/184.pdf	12
Assemblage - Accessoires - Mécanique	Fabrication des coffrets Hyper	F1DBE	7/1/2012	184	/bulletins/184.pdf	13
Appareils de mesures et mesures	Analyseurs de réseaux: calibrage ŕ l'aide de lignes de mesure part 2	F8IC	9/1/2012	185	/bulletins/185.pdf	
Assemblage - Accessoires - Mécanique	Fabrication des coffrets Hyper	F1DBE	10/1/2012	185	/bulletins/185.pdf	12
Trafic - Propagation - Organisation	Réflecteurs et relais passifs	F8IC	11/1/2012	186	/bulletins/186.pdf	5
PA - Amplificateurs	15 watts en 24 GHz	F5BQP	11/1/2012	186	/bulletins/186.pdf	9
Trafic - Propagation - Organisation	Remorque aménagée pour le trafic hyper	F1NPX	11/1/2012	186	/bulletins/186.pdf	14
PA - Amplificateurs	Alimentation pour amplificateur ŕ FET de puissance	F1OPA	12/1/2012	187	/bulletins/187.pdf	6
Sous-ensembles - Composants	Alimentation pour station 24 GHz	F1MK	12/1/2012	187	/bulletins/187.pdf	10
Assemblage - Accessoires - Mécanique	Fabrication des coffrets Hyper part 3	F1DBE	12/1/2012	187	/bulletins/187.pdf	13
Transceivers - Transverters - Convertisseurs	SDR sur FT-817	N1JEZ&W1FKF &W1GHZ	1/1/2013	188	/bulletins/188.pdf	6
Assemblage - Accessoires - Mécanique	"Le ""bonding"""	F8IC	1/1/2013	188	/bulletins/188.pdf	
Transceivers - Transverters - Convertisseurs	Circulateurs et réception	F6DRO	1/1/2013	188	/bulletins/188.pdf	13
Antennes - Lignes	Quelques idées sur la particularité des guides d'onde	F8IC	2/1/2013	189	/bulletins/189.pdf	3
Transceivers - Transverters - Convertisseurs	SDR sur FT-817	N1JEZ&W1FKF &W1GHZ	2/1/2013	189	/bulletins/189.pdf	5
Sous-ensembles - Composants	Utilisation des résistance CMS SMD en  HF, VHF, UHF et SHF	F9HX	2/1/2013	189	/bulletins/189.pdf	8
Sous-ensembles - Composants	Logique pour station 24 GHz	F1MK	2/1/2013	190	/bulletins/190.pdf	
Antennes - Lignes	Quelques idées sur la particularité des guides d'onde	F8IC	3/1/2013	190	/bulletins/190.pdf	
Sous-ensembles - Composants	Utilisation des résistance CMS SMD en  HF, VHF, UHF et SHF	F9HX	3/1/2013	190	/bulletins/190.pdf	7
Oscillateurs - OL	PLVCXO version 2	F6DRO	3/1/2013	190	/bulletins/190.pdf	9
Trafic - Propagation - Organisation	Atténuation atmosphérique en millimčtrique et sub-millimčtrique	F4BAY	3/1/2013	190	/bulletins/190.pdf	
Sous-ensembles - Composants	"""DC-bloc"" et ""T bias"""	F8IC	4/1/2013	191	/bulletins/191.pdf	
Antennes - Lignes	Cornet bi-bande 13 et 23 cm	F5NZZ	4/1/2013	191	/bulletins/191.pdf	13
PA - Amplificateurs	Modification PA UMTS  pour 2,3 GHz (Bodger N°8)	G4BAO	5/1/2013	192	/bulletins/192.pdf	
Trafic - Propagation - Organisation	"Station ""hyper"" mobile"	F5BUU	5/1/2013	192	/bulletins/192.pdf	
Antennes - Lignes	Cales en guide adaptatrices divers	F6DRO	6/1/2013	193	/bulletins/193.pdf	4
PA - Amplificateurs	Amplificateur 10 GHz modulaire	F1OPA	6/1/2013	193	/bulletins/193.pdf	7
Trafic - Propagation - Organisation	Smartphone/tablette le futur du SDR en portable	HB9DUG	6/1/2013	193	/bulletins/193.pdf	
Optique	Essais en nanomčtrique 	F4HLC & F5HRS	7/1/2013	194	/bulletins/194.pdf	12
Sous-ensembles - Composants	Commande pour un relais en guide d'onde	F1MK	9/1/2013	195	/bulletins/195.pdf	8
Sous-ensembles - Composants	"Mon relais paraît ""HS"""	F1CHF	1/1/2013	196	/bulletins/196.pdf	10
Appareils de mesures et mesures	Le facteur de bruit	f8IC	10/1/2013	196	/bulletins/196.pdf	4
Trafic - Propagation - Organisation	"Androďd et les ""Hyper"""	HB9DUG	10/1/2013	196	/bulletins/196.pdf	8
Trafic - Propagation - Organisation	Amélioration de la connexion 3G en portable	F5AYE	10/1/2013	196	/bulletins/196.pdf	3
Trafic - Propagation - Organisation	Cofiguration HDSDR/transceiver pour EME /SySTEM	F5JWF	11/1/2013	197	/bulletins/197.pdf	
Transceivers - Transverters - Convertisseurs	Adaptationj OL externe pour transverter 2,3 GHz DB6NT	F6AJW	11/1/2013	197	/bulletins/197.pdf	15
Sous-ensembles - Composants	Quelques réflexion sur le temps et les horloges atomiques	F8IC	12/1/2013	198	/bulletins/198.pdf	5
Antennes - Lignes	Transition guide d'onde / coaxial WR42 (24 GHz)	F6DRO	12/1/2013	198	/bulletins/198.pdf	10
Trafic - Propagation - Organisation	Station 10 GHz en fixe	F4BXL	12/1/2013	198	/bulletins/198.pdf	13
Transceivers - Transverters - Convertisseurs	Equipement 2,3 GHz 200W	F5BUU	1/1/2014	199	/bulletins/199.pdf	4
Antennes - Lignes	Source Chaparral	F6DRO&F5IGK	1/1/2014	199	/bulletins/199.pdf	6
Antennes - Lignes	Adaptation parabole TV Sat au trafic tropo	F1HNF	2/1/2014	200	/bulletins/200.pdf	4
Oscillateurs - OL	Concevoir une boucle ŕ verrouillage de phase par Ray Sun	Ray Sun	2/1/2014	200	/bulletins/200.pdf	6
Assemblage - Accessoires - Mécanique	Pose de rivets de traversée sur circuit imprimé	F1JKY	2/1/2014	200	/bulletins/200.pdf	10
Trafic - Propagation - Organisation	Essais EME avec une station tropo	F6DRO	2/1/2014	200	/bulletins/200.pdf	13
Sous-ensembles - Composants	Les circulateurs 	F8IC	3/1/2014	201	/bulletins/201.pdf	13
Appareils de mesures et mesures	Ampčremčtre 50 A pour SSPA	F6CSX	3/1/2014	201	/bulletins/201.pdf	18
Appareils de mesures et mesures	Détecteur de 24 Ghz	F1HNF	3/1/2014	201	/bulletins/201.pdf	19
Appareils de mesures et mesures	Réparation d'un analyseur de spectre HP8954E	HB9DTX	4/1/2014	202	/bulletins/202.pdf	4
Antennes - Lignes	Motorisation relais guide d'onde	F6FAX	4/1/2014	202	/bulletins/202.pdf	13
Sous-ensembles - Composants	Commande vox HF 	F1MK	5/1/2014	203	/bulletins/203.pdf	13
Antennes - Lignes	"Feed ""super VE4MA"" 24 GHz"	F6DRO	5/1/2014	203	/bulletins/203.pdf	
Antennes - Lignes	Cornet 2,3 GHz pour parabole offset	F6DRO	6/1/2014	204	/bulletins/204.pdf	6
Antennes - Lignes	"Antennes dites ""ŕ bandes interdites"""	F8IC	6/1/2014	204	/bulletins/204.pdf	9
PA - Amplificateurs	Préamplificateur large bande ŕ deux PGA-103	F1JKY	6/1/2014	204	/bulletins/204.pdf	11
Trafic - Propagation - Organisation	Rain scatter en 24 GHz	F6DRO	7/1/2014	205	/bulletins/205.pdf	10
Antennes - Lignes	Cornet 47 GHz pour parabole offset	F6DRO	7/1/2014	205	/bulletins/205.pdf	12
Appareils de mesures et mesures	Restauration des galvanomčtres HP	Réflecteur Hyper	7/1/2014	205	/bulletins/205.pdf	15
Assemblage - Accessoires - Mécanique	Bobinage des tores 	F6DUL	7/1/2014	205	/bulletins/205.pdf	16
Trafic - Propagation - Organisation	EME sur 77,5 GHz	RW3BP	9/1/2014	206	/bulletins/206.pdf	9
PA - Amplificateurs	Circuit d'alimentation pour préamplificateur déporté	F8BXA/HB9IAM	9/1/2014	206	/bulletins/206.pdf	14
Trafic - Propagation - Organisation	Equipement 10 GHz EME 	F5IGK	9/1/2014	206	/bulletins/206.pdf	
Appareils de mesures et mesures	Mesure du facteur de bruit ŕ l'analyseur de spectre	F8IC	10/1/2014	207	/bulletins/207.pdf	4
Appareils de mesures et mesures	Enregistrement de variables électriques sur une longue durée	F9HX	10/1/2014	207	/bulletins/207.pdf	12
Antennes - Lignes	Cornet 76 GHz 	RA3AQ&RW3BP&F6DRO	11/1/2014	208	/bulletins/208.pdf	5
Antennes - Lignes	Motorisation relais guide d'onde	F5UBZ	11/1/2014	208	/bulletins/208.pdf	7
Trafic - Propagation - Organisation	Radar spatial en ondes milimčtriques	JJ GERALD McCUE&EVERETT A.CROCKER	11/1/2014	208	/bulletins/208.pdf	9
Appareils de mesures et mesures	Mesure sur les composants de récupération	ON4CDU&ON4CDQ	12/1/2014	209	/bulletins/209.pdf	3
Trafic - Propagation - Organisation	Les conduits troposhériques	G0IJZ	1/1/2015	210	/bulletins/210.pdf	7
Appareils de mesures et mesures	Les préamplificateurs de mesure	F8IC	1/1/2015	210	/bulletins/210.pdf	14
Antennes - Lignes	Feed bi-bande 23/13 cm OM6AA (part 1)	F6DRO	2/1/2015	211	/bulletins/211.pdf	4
Oscillateurs - OL	Boucle ŕ verouillage de phase 1152 MHz	F1OPA	2/1/2015	211	/bulletins/211.pdf	12
Antennes - Lignes	Source 76 GHz pour parabole offset	F6DRO&F6ETU	3/1/2015	212	/bulletins/212.pdf	7
Assemblage - Accessoires - Mécanique	Assemblage TRV MKU 13G2B 	PE1PFW&ON4CDU	3/1/2015	212	/bulletins/212.pdf	10
Assemblage - Accessoires - Mécanique	Pour facilité la pose de stub	F9HX	3/1/2015	212	/bulletins/212.pdf	18
Antennes - Lignes	Support pour petite parabole rouge Alcatel	F1HNF	4/1/2015	213	/bulletins/213.pdf	6
Sous-ensembles - Composants	Densité de courant et échauffement des pistes de circuit imprimé	F9HX	4/1/2015	213	/bulletins/213.pdf	8
Transceivers - Transverters - Convertisseurs	Transverter 144 ŕ 1296 MHz	F1OPA	4/1/2015	213	/bulletins/213.pdf	12
Antennes - Lignes	Fedd bi-bande 23/13 cm OM6AA (part 2)	F6DRO	5/1/2015	214	/bulletins/214.pdf	8
Appareils de mesures et mesures	Les bretelles de mesure	F8IC	5/1/2015	214	/bulletins/214.pdf	14
Sous-ensembles - Composants	"Les condensateurs céramiques dits""ultra large bande"" jusqu'ŕ 40 GHz"	F9HX	6/1/2015	215	/bulletins/215.pdf	10
Sous-ensembles - Composants	Commande de relais bistable avec auto-coupure	F6CSX	6/1/2015	215	/bulletins/215.pdf	18
Assemblage - Accessoires - Mécanique	"Réparation d'un groupe électrogčne ""chinois"""	F6DRO&F4CKM	7/1/2015	216	/bulletins/216.pdf	13
Trafic - Propagation - Organisation	Prévision de l'indice de réfraction dans la troposphčre	F5LEN	9/1/2015	217	/bulletins/217.pdf	9
Antennes - Lignes	Affichage d'azimut	F5LWX	9/1/2015	217	/bulletins/217.pdf	
Antennes - Lignes	Compteur incrémental	F1ETA	9/1/2015	217	/bulletins/217.pdf	19
PA - Amplificateurs	0,1 dB de facteur de bruit: impossible sans cryogénie !	F9HX	10/1/2015	218	/bulletins/218.pdf	9
Antennes - Lignes	Motorisation d'un switch en guide	F6HGQ	10/1/2015	218	/bulletins/218.pdf	12
Assemblage - Accessoires - Mécanique	Bon traitement ŕ apporter aux connecteurs de type SMA	F6HGQ	10/1/2015	218	/bulletins/218.pdf	14
Sous-ensembles - Composants	"Des ""self de choc"" jusqu'ŕ 40 GHz"	F9HX	11/1/2015	219	/bulletins/219.pdf	10
PA - Amplificateurs	PA 23 cm 500 W 4 x MRFE6S9160	F5JWF	11/1/2015	219	/bulletins/219.pdf	
Transceivers - Transverters - Convertisseurs	Station 76 GHz	F1HNF	12/1/2015	220	/bulletins/220.pdf	5
Assemblage - Accessoires - Mécanique	Faire fabriquer son PCB chez un professionnel 	F1JKY	12/1/2015	220	/bulletins/220.pdf	10
Assemblage - Accessoires - Mécanique	Utilisation de PCB-tool	F4CTZ	12/1/2015	220	/bulletins/220.pdf	16
Appareils de mesures et mesures	Détecteur  de mesure de 50 MHz ŕ 2500 MHz	F1OPA	12/1/2015	220	/bulletins/220.pdf	19
Appareils de mesures et mesures	Une source de bruit ŕ large bande et puissance élevée	ON1EV	1/1/2016	221	/bulletins/221.pdf	9
Sous-ensembles - Composants	Les varistances	F9HX	2/1/2016	222	/bulletins/222.pdf	12
Trafic - Propagation - Organisation	Réception des sondes interplanétaires sur 32 GHz	F5PL	2/1/2016	222	/bulletins/222.pdf	17
Transceivers - Transverters - Convertisseurs	La superréaction en hyper	F9HX	3/1/2016	223	/bulletins/223.pdf	8
Appareils de mesures et mesures	Un canfi	DF9IC & DL2ALF & DL8AAU	3/1/2016	223	/bulletins/223.pdf	12
Trafic - Propagation - Organisation	Réception d'Exomars trace gas orbiter	F5PL	3/1/2016	223	/bulletins/223.pdf	21
Oscillateurs - OL	Le bruit de phase (partie 1)	F8IC	4/1/2016	224	/bulletins/224.pdf	7
Assemblage - Accessoires - Mécanique	Gravure des circuits imprimés	F5MTZ	4/1/2016	224	/bulletins/224.pdf	9
Assemblage - Accessoires - Mécanique	Guide pour la réalisation de circuits imp. avec photorésist	F5JWF	4/1/2016	224	/bulletins/224.pdf	12
Antennes - Lignes	Une méthode de construction pour antenne « horn »	F1NPX	5/1/2016	225	/bulletins/225.pdf	10
Oscillateurs - OL	Générateur HF 34,4 ŕ 4400 MHz	F1CJN	6/1/2016	226	/bulletins/226.pdf	8
Oscillateurs - OL	Le bruit de phase (partie 2)	F8IC	6/1/2016	226	/bulletins/226.pdf	11
Antennes - Lignes	Antenne ŕ fentes 10 GHz	F5AYE	7/1/2016	227	/bulletins/227.pdf	7
Oscillateurs - OL	Le bruit de phase (partie 3)	F8IC	7/1/2016	227	/bulletins/227.pdf	10
PA - Amplificateurs	Adaptation de sortie pour un MRF175GV	F1MK	9/1/2016	228	/bulletins/228.pdf	6
Transceivers - Transverters - Convertisseurs	FT817 et inversion de polarité	F6DRO	9/1/2016	228	/bulletins/228.pdf	8
Transceivers - Transverters - Convertisseurs	Intégration d'un transverter 144 dans un Elecraft K2	F6DUL	10/1/2016	229	/bulletins/229.pdf	11
Appareils de mesures et mesures	Etalonnage du détecteur 38 GHz radio link «boďte blanche »	F6FAX	10/1/2016	229	/bulletins/229.pdf	15
Trafic - Propagation - Organisation	EME 3 cm avec une petite station	F6DRO	11/1/2016	230	/bulletins/230.pdf	5
Assemblage - Accessoires - Mécanique	Brasures ŕ l'étain basse température	F5AYE	11/1/2016	230	/bulletins/230.pdf	12
Oscillateurs - OL	Le bruit de phase (partie 4)	F8IC	12/1/2016	231	/bulletins/231.pdf	
Sous-ensembles - Composants	Faut-il avoir peur de nos accumulateurs ?	F9HX	12/1/2016	231	/bulletins/231.pdf	11
Sous-ensembles - Composants	Les filtres « post-mixer » en hyperfréquences	F6BVA	1/1/2017	232	/bulletins/232.pdf	6
PA - Amplificateurs	Préamplificateur 5,7 GHz ŕ base de surplus	DL3IAE	2/1/2017	233	/bulletins/233.pdf	5
Oscillateurs - OL	Bruit de phase des OL ŕ synthčse directe et ŕ PLL	F8IC	2/1/2017	233	/bulletins/233.pdf	8
Antennes - Lignes	Cornet pour offset sur 122 GHz	F6DRO	3/1/2017	234	/bulletins/234.pdf	9
Sous-ensembles - Composants	Mesures sur 3 mélangeurs	F6CXO	3/1/2017	234	/bulletins/234.pdf	16
Antennes - Lignes	Un feed 10 GHz home made et économique	F5AYE	4/1/2017	235	/bulletins/235.pdf	11
Antennes - Lignes	Commutation TX/RX 47 GHz sans relais guide	F6DPH	4/1/2017	235	/bulletins/235.pdf	18
Antennes - Lignes	Guide d'ondes millimétriques « home made »	LX1DU & F6HGQ	5/1/2017	236	/bulletins/236.pdf	
Sous-ensembles - Composants	Multiplicateur 38 GHz, adaptation WR28 bride ronde ŕ carrée	F6HGQ	6/1/2017	237	/bulletins/237.pdf	6
Antennes - Lignes	Cales guide rond vers guide rectangulaire WR75	F6DRO	6/1/2017	237	/bulletins/237.pdf	9
Antennes - Lignes	Cornet corrugé Eutelsat sur 24 GHz	F6DRO	7/1/2017	238	/bulletins/238.pdf	16
Appareils de mesures et mesures	Mesurer un élément non connectorisé en hyperfréquences	F6BVA	9/1/2017	239	/bulletins/239.pdf	9
Sous-ensembles - Composants	Quoi de plus banal qu’un atténuateur	F9HX	9/1/2017	239	/bulletins/239.pdf	15
Antennes - Lignes	Connexion directe de guides différents en millimétriques	F4BAY	10/1/2017	240	/bulletins/240.pdf	9
Antennes - Lignes	Cale de transition WR75 ŕ WR90 et guides ŕ coins arrondis	F8IC	10/1/2017	240	/bulletins/240.pdf	11
Sous-ensembles - Composants	Duplexeurs pour une station destinée au satellite ES’HAIL 2	F5NZZ	10/1/2017	240	/bulletins/240.pdf	15
PA - Amplificateurs	Amplificateur de puissance pour la bande 6 cm	F6BVA	11/1/2017	241	/bulletins/241.pdf	13
Assemblage - Accessoires - Mécanique	Quelques notions de tribologie pour les OM	F8IC	11/1/2017	241	/bulletins/241.pdf	16
Assemblage - Accessoires - Mécanique	Ajout d’un chariot latéral coulissant sur un pylône autoportant	F1LPV	12/1/2017	242	/bulletins/242.pdf	7
PA - Amplificateurs	Nouveau schéma d'alimentation pour ampli hyper	F1MK	12/1/2017	242	/bulletins/242.pdf	11
Alimentations	Connexions électriques d'alimentation rapides et sűres	F5NZZ	12/1/2017	242	/bulletins/242.pdf	15
Alimentations	Nouveau schéma d'alimentation pour ampli hyper	F1MK	12/1/2017	242	/bulletins/242.pdf	11
Antennes - Lignes	Source ŕ polarisation circulaire pour l'EME en 6 cm	F5IGK	1/1/2018	243	/bulletins/243.pdf	6
Trafic - Propagation - Organisation	Utilisation d'un SDR portable pour usage en hyper	F5PZR	2/1/2018	244	/bulletins/244.pdf	9
Transceivers - Transverters - Convertisseurs	La super-réaction en millimétriques	F9HX	3/1/2018	245	/bulletins/245.pdf	6
Appareils de mesures et mesures	Visualisation sur écran extérieur pour un analyseur HP	F1LPV	3/1/2018	245	/bulletins/245.pdf	8
Sous-ensembles - Composants	Le cuivre conducteur ou isolant ?	F9HX	4/1/2018	246	/bulletins/246.pdf	10
Antennes - Lignes	Remotorisation d'un switch en guide	F1MK	5/1/2018	247	/bulletins/247.pdf	6
Antennes - Lignes	Cornet corrugué Eutelsat  sur 24 GHz	F6DRO	5/1/2018	247	/bulletins/247.pdf	7
Assemblage - Accessoires - Mécanique	Trépied lourd 2 e partie	F6HLD	5/1/2018	247	/bulletins/247.pdf	10
Assemblage - Accessoires - Mécanique	Trépied pour parabole légčre	F6EPT	7/1/2018	248	/bulletins/248.pdf	14
Assemblage - Accessoires - Mécanique	Recopie d'azimut par caméra	F8DLS	7/1/2018	248	/bulletins/248.pdf	16
Assemblage - Accessoires - Mécanique	Trépied lourd 1ere partie	F6HLD	7/1/2018	248	/bulletins/248.pdf	18
Balises	Réception balises en mode Opera	HB9DUG	8/1/2018	249	/bulletins/249.pdf	8
Oscillateurs - OL	PLVCXO fractionnaire	F6DRO	8/1/2018	249	/bulletins/249.pdf	11
Trafic - Propagation - Organisation	Évaluation bilan de liaison en zone montagneuse	F6DCD	9/1/2018	250	/bulletins/250.pdf	
Sous-ensembles - Composants	T-bias 10 Ghz	F1HNF	10/1/2018	251	/bulletins/251.pdf	6
Transceivers - Transverters - Convertisseurs	Transverter 76 GHz	F6FAX	10/1/2018	251	/bulletins/251.pdf	7
Assemblage - Accessoires - Mécanique	Réalisation mécanique d'une station portable 10 GHz	F5UBZ	10/1/2018	251	/bulletins/251.pdf	14
Antennes - Lignes	Motorisation d'un switch en guide	F5NZZ	11/1/2018	252	/bulletins/252.pdf	7
Antennes - Lignes	Ajout chariot coulissant sur pylône 	F1LPV	11/1/2018	252	/bulletins/252.pdf	10
Antennes - Lignes	Antenne parabolique ŕ structure géodésique	F4BUC	12/1/2018	253	/bulletins/253.pdf	7
Antennes - Lignes	Transition guide circulaire rectangulaire 76 GHz	F4BAY	1/1/2019	254	/bulletins/254.pdf	7
Transceivers - Transverters - Convertisseurs	Suppression des transitoires HF (multibandes)	F1MK	1/1/2019	254	/bulletins/254.pdf	
Transceivers - Transverters - Convertisseurs	Suppression des transitoires HF (monobandes)	F1MK	2/1/2019	255	/bulletins/255.pdf	
Appareils de mesures et mesures	Balises de contrôle pour récepteurs hyper	F5MTZ	2/1/2019	255	/bulletins/255.pdf	10
Oscillateurs - OL	Comparaison de différents OL pour transverter 10 GHz	F6BVA	2/1/2019	255	/bulletins/255.pdf	13
Trafic - Propagation - Organisation	Le rain scatter en 10 GHz	F1MPE	3/1/2019	256	/bulletins/256.pdf	10
Appareils de mesures et mesures	La source de bruit BG7TBL	F1SRC	3/1/2019	256	/bulletins/256.pdf	15
PA - Amplificateurs	Mise en boîte d'un ampli 13 cm équipé d'un MW71C2725N	F5NZZ	4/1/2019	257	/bulletins/257.pdf	11
Oscillateurs - OL	Générer du 25 MHz ŕ partir de 10 MHz	F1US	4/1/2019	257	/bulletins/257.pdf	13
Antennes - Lignes	Antenne hélice pour QO-100	F6DRO	6/1/2019	258	/bulletins/258.pdf	5
Antennes - Lignes	Parabole mono-bande avec hélice sur 2,4 GHz	F6DRO	6/1/2019	258	/bulletins/258.pdf	9
Antennes - Lignes	Parabole mono-bande 10 GHz avec source en tube plomberie	F6DRO	7/1/2019	259	/bulletins/259.pdf	8
Antennes - Lignes	Parabole mono-bande 10 GHz, incidences des défauts de montage	F6DRO	7/1/2019	259	/bulletins/259.pdf	11
Appareils de mesures et mesures	Mesure indicative de la puissance sur les bandes millimétriques	F1HNF	9/1/2019	260	/bulletins/260.pdf	11
Antennes - Lignes	Adjonction d’un chariot latéral coulissant sur un pylône autoportant	F1LPV	9/1/2019	260	/bulletins/260.pdf	12
Trafic - Propagation - Organisation	Liaison DATV bilatérale par réflexion sur le Mont Blanc	F1MPE	10/1/2019	261	/bulletins/261.pdf	12
Trafic - Propagation - Organisation	"Réalisation d'un ""shelter"" destiné au trafic hyperfréquence"	F5LWX	11/1/2019	262	/bulletins/262.pdf	9
Appareils de mesures et mesures	Une micro-balise 47, 76 et 122 GHz simple et compacte	F4BAY	11/1/2019	262	/bulletins/262.pdf	12
Trafic - Propagation - Organisation	Station 10 GHz portable	F1AFZ	12/1/2019	263	/bulletins/263.pdf	5
Transceivers - Transverters - Convertisseurs	Convertisseur de réception F6BVA, 10 GHz/432 MHz, pour QO-100	F1LPV	12/1/2019	263	/bulletins/263.pdf	9
PA - Amplificateurs	Mesures sur un ampli 5,8 GHz 4,5 W destiné au FPV	F6CXO	1/1/2020	264	/bulletins/264.pdf	6
Sous-ensembles - Composants	Commande E/R avec un Vox HF ou par PTT	F1JKY	1/1/2020	264	/bulletins/264.pdf	7
Sous-ensembles - Composants	Séquenceur flexible multi-usages	F6DTG	1/1/2020	264	/bulletins/264.pdf	11
Sous-ensembles - Composants	Commande relais guide d'onde	F1MK	2/1/2020	265	/bulletins/265.pdf	8
Oscillateurs - OL	Quelques mesures comparatives sur un PLL LNB	F6DRO	2/1/2020	265	/bulletins/265.pdf	9
Sous-ensembles - Composants	Interface FT-857/897/ 991 et transverter	F8CED	2/1/2020	265	/bulletins/265.pdf	10
Assemblage - Accessoires - Mécanique	La soudure sans plomb	Olivier Lejeune	3/1/2020	266	/bulletins/266.pdf	7
Sous-ensembles - Composants	Affichage digital pour IC402	F6HLD	3/1/2020	266	/bulletins/266.pdf	8
Sous-ensembles - Composants	"Installation d' un ""panadapteur"" sur le FT817"	F5AYE	3/1/2020	266	/bulletins/266.pdf	9
Sous-ensembles - Composants	LM2662, avantages, raies parasites et remčdes	F6BVA	3/1/2020	266	/bulletins/266.pdf	11
PA - Amplificateurs	Assemblage et réglage d'un PA 10 GHz avec des transistors 14 GHz	F6HLD	4/1/2020	267	/bulletins/267.pdf	8
PA - Amplificateurs	Modification d'un PA 5,8 GHz destiné au FPV pour la bande 6 cm	F6CXO & F1JKY	4/1/2020	267	/bulletins/267.pdf	9
Antennes - Lignes	Cornet et adaptateur 32 GHz	F6CXO & F6DRO	4/1/2020	267	/bulletins/267.pdf	11
Antennes - Lignes	Des réflecteurs paraboliques ou sphériques ?	F4BAY	5/1/2020	268	/bulletins/268.pdf	6
Antennes - Lignes	Propagation guidée et modes parasites	F6DRO	5/1/2020	268	/bulletins/268.pdf	10
PA - Amplificateurs	PA 3 cm : entrée 10 mW, sortie 8 W	F6BVA	6/1/2020	269	/bulletins/269.pdf	6
Antennes - Lignes	Polariseur de signal sur 10 GHz	HB9BBD	6/1/2020	269	/bulletins/269.pdf	10
Appareils de mesures et mesures	Tracking fabrication maison pour analyseur de spectre	F6CXO	7/1/2020	270	/bulletins/270.pdf	8
Trafic - Propagation - Organisation	Équipement 23 cm pour l’EME	F5IGK	7/1/2020	270	/bulletins/270.pdf	13
Trafic - Propagation - Organisation	Aide au trafic : S.A.P.GPS	F5MTZ	9/1/2020	271	/bulletins/271.pdf	5
PA - Amplificateurs	Driver 10 W pour PA 23 cm	HB9DTX	9/1/2020	271	/bulletins/271.pdf	
Antennes - Lignes	Les mystčres de la parabole vicieuse	F6DRO	10/1/2020	272	/bulletins/272.pdf	6
Antennes - Lignes	Adaptation WR75 sur cornet Visiosat 73896	F6DRO	10/1/2020	272	/bulletins/272.pdf	13
PA - Amplificateurs	Retour sur le PA 8 watts 3 cm	F6BVA	11/1/2020	273	/bulletins/273.pdf	5
Alimentations	Modification de la tension sur l'alimentation HP 750W HP HSTNS-PD18	F6CSX	11/1/2020	273	/bulletins/273.pdf	7
Transceivers - Transverters - Convertisseurs	IC-9700 : sélecteur de sortie PTT suivant la bande	ON5AV	11/1/2020	273	/bulletins/273.pdf	9
Antennes - Lignes	Une autre solution pour réaliser une transition en guide circulaire 22/22	F5AYE	11/1/2020	273	/bulletins/273.pdf	13
Antennes - Lignes	Adaptation cornet Visiosat 73896 sur WR90	F6DRO	1/12/2020	274	/bulletins/274.pdf	7
Trafic - Propagation - Organisation	Pulseur audio et générateur de message CW	F6CSX	1/12/2020	274	/bulletins/274.pdf	8
Trafic - Propagation - Organisation	ON4KST et KST2Me, mais c'est trčs simple !	F5AYE	1/12/2020	274	/bulletins/274.pdf	12
Antennes - Lignes	Vérification de l’illumination et courbure d'une parabole partie. P 1	IN3HOG	1/1/2021	275	/bulletins/275.pdf	14
Transceivers - Transverters - Convertisseurs	122 GHz pour tous	F1HNF	1/1/2021	275	/bulletins/275.pdf	11
Antennes - Lignes	Vérification de l’illumination et courbure d'une parabole partie. P 2	IN3HOG	2/1/2021	276	/bulletins/276.pdf	9
Balises	Modulateur de balise	F6CXO	2/1/2021	276	/bulletins/276.pdf	19
Antennes - Lignes	Guide d’onde : Attention aux pičges !	F6DRO	3/1/2021	277	/bulletins/277.pdf	7
Oscillateurs - OL	Stabilisation en température d'un quartz	F1AFZ	3/1/2021	277	/bulletins/277.pdf	15
Trafic - Propagation - Organisation	Détection du signal bande X de Mars Mission 2020	F5PL	3/1/2021	277	/bulletins/277.pdf	17
Antennes - Lignes	Bruit reçu par une antenne et conception d’antennes faible bruit en VHF SHF. P 1	F6DZK	4/1/2021	278	/bulletins/278.pdf	9
Oscillateurs - OL	GPSDO. Une référence 10 MHz GPS bon marché	F8CJS	4/1/2021	278	/bulletins/278.pdf	18
Oscillateurs - OL	Cohabitation d'une PLL DF9NP et d'un transverter 10 GHz / 432 MHz BVA	F6BVA	4/1/2021	278	/bulletins/278.pdf	21
Antennes - Lignes	Bruit reçu par une antenne et conception d’antennes faible bruit en VHF SHF. P 2	F6DZK	5/1/2021	279	/bulletins/279.pdf	7
Antennes - Lignes	"Construction d'une ""source du plombier"" sur 10 GHz avec connectique WR90"	F1LPV	5/1/2021	279	/bulletins/279.pdf	16
Antennes - Lignes	Bruit reçu par une antenne et conception d’antennes faible bruit en VHF SHF. P 3	F6DZK	7/1/2021	280	/bulletins/280.pdf	7
Antennes - Lignes	Bruit reçu par une antenne et conception d’antennes faible bruit en VHF SHF. P 4	F6DZK	8/1/2021	281	/bulletins/281.pdf	7
Antennes - Lignes	"Réalisation d'une charge en guide circulaire 10 GHz avec ""les fonds de tiroirs"""	F6AJW	8/1/2021	281	/bulletins/281.pdf	18
Transceivers - Transverters - Convertisseurs	IC705, problčmes et améliorations	F1MK	8/1/2021	281	/bulletins/281.pdf	20
Antennes - Lignes	Antenne Disc-Yagi grand gain et faible bruit pour la bande 23 cm	F6ETU & F6DZK	9/1/2021	282	/bulletins/282.pdf	12
Transceivers - Transverters - Convertisseurs	Commutation de convertisseurs TX et RX en sortie d'un transceiver de petite puissance	F5AYE	10/1/2021	283	/bulletins/283.pdf	7
Appareils de mesures et mesures	Présentation du logiciel Total Power	F5NZZ & F6DRO	10/1/2021	283	/bulletins/283.pdf	8
Antennes - Lignes	Contrôle de l’illumination d'une parabole sur 2,4 GHz ŕ l'aide d'un NanoVNA	F1LVO & F6EPT	11/1/2021	284	/bulletins/284.pdf	10
Trafic - Propagation - Organisation	Réalisation d’un RADAR basique hyperfréquence ŕ impulsions avec télémétrie	F4IMD	11/1/2021	284	/bulletins/284.pdf	12
Transceivers - Transverters - Convertisseurs	Mon nouveau transverter 47 GHz	F6CXO	12/1/2021	285	/bulletins/285.pdf	8
Appareils de mesures et mesures	Réalisation d’un kit de calibration en guide WR90	F6DRO	12/1/2021	285	/bulletins/285.pdf	12
Assemblage - Accessoires - Mécanique	Soudage des boîtiers QFN............................................	F4CTZ	1/1/2022	286	/bulletins/286.pdf	8
Antennes - Lignes	Fabrication d'une transition WR90-WR75	F4CKM & F6DRO	1/1/2022	286	/bulletins/286.pdf	9
Trafic - Propagation - Organisation	"Utilisation du ""chat"" KST2you.........................................."	F5AYE	1/1/2022	286	/bulletins/286.pdf	13
Antennes - Lignes	Source Prime focus pour bandes hyper hautes	F6DRO	2/1/2022	287	/bulletins/287.pdf	8
Antennes - Lignes	"Yagi 23 cm 5 éléments ""de poche"""	F4FEY	2/1/2022	287	/bulletins/287.pdf	11
PA - Amplificateurs	Quelques watts pour QO-100 ŕ un prix trčs abordable	F6IHC	2/1/2022	287	/bulletins/287.pdf	
PA - Amplificateurs	Réalisations autour du FLM0910-25	F6BVA	3/1/2022	288	/bulletins/288.pdf	8
Antennes - Lignes	Antenne Disque-Yagi grand gain et faible bruit pour la bande 23 cm partie 1	F6ETU & F6DZK	4/1/2022	289	/bulletins/289.pdf	10
PA - Amplificateurs	Modification d'un PA de surplus pour la bande 2,4 GHz	F5NVP	4/1/2022	289	/bulletins/289.pdf	18
Antennes - Lignes	Antenne Disque-Yagi grand gain et faible bruit pour la bande 23 cm partie 2	F6ETU & F6DZK	5/1/2022	290	/bulletins/290.pdf	9
Appareils de mesures et mesures	Rélisation d'un CANFI (Cheap Automatic Noise Figure Indicator)	F6ETI	5/1/2022	290	/bulletins/290.pdf	18
Assemblage - Accessoires - Mécanique	Gabarit de perçage	F5UBZ	6/1/2022	291	/bulletins/291.pdf	9
Transceivers - Transverters - Convertisseurs	"Station 10 GHz ""Covid 22"""	F6CXO	6/1/2022	291	/bulletins/291.pdf	10
Trafic - Propagation - Organisation	Configuration internet pour Telnet	F5NZZ	6/1/2022	291	/bulletins/291.pdf	13
Trafic - Propagation - Organisation	WTKST et Kst2You en remplacement de KST2me	F5NZZ	8/1/2022	292	/bulletins/292.pdf	6
Assemblage - Accessoires - Mécanique	Trépied économique pour débutant	F1SSF	8/1/2022	292	/bulletins/292.pdf	10
Appareils de mesures et mesures	Initiation ŕ l'acquisition GPIB avec LabVIEW (Version gratuite)	F1GWR	10/1/2022	293	/bulletins/293.pdf	6
Appareils de mesures et mesures	Abaque CS/GND (ciel froid/sol) 6 et 3 cm	F6DRO	10/1/2022	293	/bulletins/293.pdf	12
PA - Amplificateurs	Modification d'un ampli Nokia 2600/2400 MHz	F1CJN & F5AJJ	11/1/2022	294	/bulletins/294.pdf	7
Transceivers - Transverters - Convertisseurs	Témoin de verrouillage de la PLL du transverter DB6NT	F1FIH	11/1/2022	294	/bulletins/294.pdf	12
Antennes - Lignes	Etude d’une source CGTI 2 GHz, surplus de faisceaux hertziens,	F6DRO	11/1/2022	294	/bulletins/294.pdf	13
Antennes - Lignes	Etude d’une parabole offset Kathrein CAS90 en vue de l’utilisation sur 24 Ghz	F6DRO	12/1/2022	295	/bulletins/295.pdf	6
Antennes - Lignes	Utilisation du Cornet RTC ACX01 pour illuminer une offset	F6BVA & F1FIH & F6DRO & F5PL	12/1/2022	295	/bulletins/295.pdf	11
Transceivers - Transverters - Convertisseurs	Une station 10 GHz autour du SDR «Pluto»	HB9DUK	1/1/2023	296	/bulletins/296.pdf	10
Assemblage - Accessoires - Mécanique	Une rose des vents facile ŕ réaliser	F4CKV	1/1/2023	296	/bulletins/296.pdf	12
Antennes - Lignes	Source ŕ tige diélectrique pour le 5,7 GHz	HB9PZK	1/1/2023	296	/bulletins/296.pdf	13
Antennes - Lignes	"Cornet 10 GHz ""origami"""	HB9PZK	2/1/2023	297	/bulletins/297.pdf	8
Balises	Balise 10 GHz multi modes, mono carte	DK3SB	2/2/2023	297	/bulletins/297.pdf	15
Antennes - Lignes	Plateforme alt-azimutale universelle	F5HRS	3/1/2023	298	/bulletins/298.pdf	10
Sous-ensembles - Composants	Filtre interdigital 1296 MHz	HB9HLH	3/1/2023	298	/bulletins/298.pdf	13
Appareils de mesures et mesures	Mesure de l’inductance d’un rivet de passage avec l’analyseur HP 8753B	ON1VE	4/1/2023	299	/bulletins/299.pdf	9
Assemblage - Accessoires - Mécanique	Comment j’ai fabriqué mon trépied pour les millimétriques	F5BLC	5/1/2023	300	/bulletins/300.pdf	6
Balises	Micro balise 10 GHz	F1RXC	5/1/2023	300	/bulletins/300.pdf	11
Appareils de mesures et mesures	Convertisseur pour mesures du facteur de bruit en hyperfréquences	F6CXO	7/1/2023	301	/bulletins/301.pdf	7
Transceivers - Transverters - Convertisseurs	Station 10 GHz ŕ base d’un transverter F6BVA et d’un SDR TX/RX	F1SSF	7/1/2023	301	/bulletins/301.pdf	9
Alimentations	Surveillance de l’alimention de modules déportés	F1SSF	7/1/2023	301	/bulletins/301.pdf	12
Antennes - Lignes	Comment j’ai fabriqué mon relais en guide pour le 24 GHz	F5BLC	8/1/2023	302	/bulletins/302.pdf	6
Antennes - Lignes	Amélioration de la stabilité d’un systčme de poursuite azimut / élévation	HB9DUK	8/1/2023	302	/bulletins/302.pdf	11
Trafic - Propagation - Organisation	Station 10 GHz de type « Sota »	F5IWN	9/1/2023	303	/bulletins/303.pdf	7
Trafic - Propagation - Organisation	Station 10 GHz portable « sur le dos »	F5AYE	9/1/2023	303	/bulletins/303.pdf	10
Sous-ensembles - Composants	Keyer » balise	F6DRO	9/1/2023	303	/bulletins/303.pdf	14
Trafic - Propagation - Organisation	Une station 10 GHz au fond de la vallée	F4CKC	10/1/2023	304	/bulletins/304.pdf	9
Transceivers - Transverters - Convertisseurs	Débuter facilement en FM sur 10 GHz partie 1	F1RXC	10/1/2023	304	/bulletins/304.pdf	10
Assemblage - Accessoires - Mécanique	Rosace pour trépied hyper	F6CXO	10/1/2023	304	/bulletins/304.pdf	15
Antennes - Lignes	Expérimentation autour d’une antenne plate 10 GHz	F5UBZ	11/1/2023	305	/bulletins/305.pdf	6
Transceivers - Transverters - Convertisseurs	Débuter facilement en FM sur 10 GHz partie 2	F1RXC	11/1/2023	305	/bulletins/305.pdf	7
Sous-ensembles - Composants	Transceivers - Transverters - Convertisseurs	F1RXC	11/1/2023	305	/bulletins/305.pdf	
Transceivers - Transverters - Convertisseurs	Un autre transverter 10 GHz	F1BFZ	12/1/2023	306	/bulletins/306.pdf	6
Transceivers - Transverters - Convertisseurs	Répraation de la réception d’un ICOM IC-1275	HB9DTX	12/1/2023	306	/bulletins/306.pdf	8
Appareils de mesures et mesures	Un champ-mčtre 10 GHz	F5AYE	1/1/2024	307	/bulletins/307.pdf	6
Assemblage - Accessoires - Mécanique	Solutions mécaniques pour assemblage de stations hyper	F5AYE	1/1/2024	307	/bulletins/307.pdf	7
Sous-ensembles - Composants	OCXO CTI et équivalents	F1JRZ	1/1/2024	307	/bulletins/307.pdf	12
Balises	Balise 10 GHz CW et Pi-4	F1SSF	2/1/2024	308	/bulletins/308.pdf	7
Assemblage - Accessoires - Mécanique	Table chauffante	F5ASM	2/1/2024	308	/bulletins/308.pdf	15
Transceivers - Transverters - Convertisseurs	Télécommande transverter pour transceiver Icom 705	F1FIH	3/1/2024	309	/bulletins/309.pdf	5
Antennes - Lignes	Mesure du diagramme d’un cornet RTC recoupé	F6HZZ	3/1/2024	309	/bulletins/309.pdf	6
PA - Amplificateurs	Quatre amplis large bande sur une platine de surplus	F6CXO	3/1/2024	309	/bulletins/309.pdf	7
Transceivers - Transverters - Convertisseurs	Transverter 10 GHz avec des composants de récupération	F5PL	3/1/2024	309	/bulletins/309.pdf	9
Trafic - Propagation - Organisation	Démarrer en 24 GHz	F6HLD	4/1/2024	310	/bulletins/310.pdf	12
PA - Amplificateurs	Un amplificateur 2,4 GHz pour QO-100, article de Andy G4JNT,	F1VL	4/1/2024	310	/bulletins/310.pdf	14
Transceivers - Transverters - Convertisseurs	Interface Maxicom pour FT817	F5BUU	4/1/2024	310	/bulletins/310.pdf	15
Sous-ensembles - Composants	Mesure sur platines de surplus ŕ MMIC	F5NZZ	4/1/2024	310	/bulletins/310.pdf	18
PA - Amplificateurs	Stubage de SSPA hyperfréquences	F2CT	6/1/2024	311	/bulletins/311.pdf	4
Assemblage - Accessoires - Mécanique	Outil de serrage économique pour connecteur SMA	F6CZA	6/1/2024	311	/bulletins/311.pdf	5
Antennes - Lignes	Indicateur électronique azimutal d’antenne pour installation portable,	F5UBZ	6/1/2024	311	/bulletins/311.pdf	6
Appareils de mesures et mesures	Mesure de niveau sur une FI 144 MHz	F5JWF	7/1/2024	312	/bulletins/312.pdf	4
Trafic - Propagation - Organisation	Weatherbox Mesures des paramčtres météo pout trafic millimétrique partie 1	F4IKX	7/1/2024	312	/bulletins/312.pdf	
Trafic - Propagation - Organisation	Activité RS en QRP partie1	DL3IAS	8/1/2024	313	/bulletins/313.pdf	5
Trafic - Propagation - Organisation	Weatherbox Mesures des paramčtres météo pout trafic millimétrique partie 2	F4IKX	8/1/2024	313	/bulletins/313.pdf	
Trafic - Propagation - Organisation	Activité RS en QRP partie 2	DL3IAS	9/1/2024	314	/bulletins/314.pdf	8
Alimentations	Alimentation d’un transistor GaN	F1AAM & F6HYE	9/1/2024	314	/bulletins/314.pdf	
Antennes - Lignes	Support de cornet SQG pour parabole Alcatel	F1HDI	9/1/2024	314	/bulletins/314.pdf	15
PA - Amplificateurs	Remplacement des LT1083 par le MIC29752	F1GHB	11/1/2024	315	/bulletins/315.pdf	7
Antennes - Lignes	Recopie de la position de la tourelle d’un trépied Alcatel	F1HDI	11/1/2024	315	/bulletins/315.pdf	9
Alimentations	Alimentation avec transistors MOS CP pour GAS-FET de puissance	F1FIH	11/1/2024	315	/bulletins/315.pdf	12
Antennes - Lignes	«Tracking» d’antenne pour l’EME	F5JWF	12/1/2024	316	/bulletins/316.pdf	7
Optique	Premičre liaison sur 30 THz	F1AVY & F8DO	12/1/2024	316	/bulletins/316.pdf	11
Transceivers - Transverters - Convertisseurs	Station EME sur 24 GHz 	IZ0NY	1/1/2025	317	/bulletins/317.pdf	11
			2/1/2025	318	/bulletins/318.pdf	
Appareils de mesures et mesures	Mesure du facteur de bruit des préamplificateurs par la méthode de cryocalorimétrie 	F5PL	3/1/2025	319	/bulletins/319.pdf	6
Transceivers - Transverters - Convertisseurs	Projet DATV (part 1)	F5IWN	6/1/2025	320	/bulletins/320.pdf	8
Sous-ensembles - Composants	Une autre méthode pour polariser les GasFet	F1LVO	7/1/2025	321	/bulletins/321.pdf	6
Transceivers - Transverters - Convertisseurs	Projet DATV (part 2)	F5IWN	8/1/2025	322	/bulletins/322.pdf	13
PA - Amplificateurs	Télécommande PA via la sortie antenne du TRX	F1MK	8/1/2025	322	/bulletins/322.pdf	11
			10/1/2025	323	/bulletins/323.pdf	
Optique	Communications térahertz, gamme 6 ŕ 14 microns de longueurs d’ondes	F1AVY & F8DO	11/1/2025	324	/bulletins/324.pdf	7
Transceivers - Transverters - Convertisseurs	Projet DATV (part 3)	F5IWN	11/1/2025	324	/bulletins/324.pdf	13
Optique	La lune comme balise 30 THz	F1AVY & F8DO	12/1/2024	316	/bulletins/316.pdf	13
Numero spécial 	Spécial millimétriques partie 1	F5LWX	1/15/1998	1001	/bulletins/1001.pdf	
Numero spécial 	Spécial millimétriques partie 2	F5LWX	1/15/1998	1002	/bulletins/1002.pdf	
Numero spécial 	Spécial millimétriques partie 3	F5LWX	1/15/1998	1003	/bulletins/1003.pdf	
Numero spécial 	Spécial millimétriques partie 4	F5LWX	1/15/1998	1004	/bulletins/1004.pdf	
Numero spécial 	Spécial 5,7 GHz partie 1	F1GHB	1/15/1998	1005	/bulletins/1005.pdf	
Numero spécial 	Spécial 5,7 GHz partie 2	F1GHB	1/15/1998	1006	/bulletins/1006.pdf	
Numero spécial 	Spécial 5,7 GHz partie 3	F1GHB	1/15/1998	1007	/bulletins/1007.pdf	
Numero spécial 	Spécial 5,7 GHz partie 4	F1GHB	1/15/1998	1008	/bulletins/1008.pdf	
Numero spécial 	Spécial antennes hyper	F1GHB	1/15/1998	1009	/bulletins/1009.pdf	
